run_id,cooling_medium,L_cool_mm,L_res_mm,L_mem_mm,L_gel_mm,pressure_mmhg,duty_cycle,tau_on_min,tau_off_min,contact_efficiency,duty_fraction,dose_mg_cm2,peak_temp_dev_C,response_reduction_pct,rom_surrogate_pct,strength_surrogate_pct,skin_safety_10,phi_T_norm,phi_C_norm,objective_J,score,feasible
1,PCM-A,2.0,0.5,0.05,0.5,10,10/10,10,10,0.740372585328781,0.5,0.49437882122335325,0.6321511944428946,67.0938272775299,87.86109426903862,81.83001110990287,8.952316843056408,0.1776067256158126,1.5,0.601605190246325,0.7848923980753593,False
2,PCM-A,2.0,0.5,0.05,0.5,10,15/15,15,15,0.740372585328781,0.5,0.49437882122335325,0.6455046002951956,67.0938272775299,87.8117480497032,81.83001110990287,8.944972469837642,0.18518941733433789,1.5,0.6046382669337351,0.7841066719866872,False
3,PCM-A,2.0,0.5,0.05,0.5,10,20/20,20,20,0.740372585328781,0.5,0.49437882122335325,0.6557279487438908,67.0938272775299,87.77441151248185,81.83001110990287,8.939349628190861,0.191101841228387,1.5,0.6070032364913548,0.7835059360737986,False
4,PCM-A,2.0,0.5,0.05,0.5,10,continuous,20,0,0.740372585328781,1.0,0.49437882122335325,0.8224252093510557,67.04897685882779,87.20171603147321,81.81655598429225,8.84766613485692,0.3006147666560568,1.5,0.7483084066624227,0.7736321977116588,False
5,PCM-A,2.0,0.5,0.05,0.5,20,10/10,10,10,0.8502080123358642,0.5,0.5141937577845473,0.6026690510420627,67.79046389155087,88.20229456456885,82.58817922914459,8.968532021926865,0.16142666003730685,1.5,0.6071331640149227,0.7928145874478922,False
6,PCM-A,2.0,0.5,0.05,0.5,20,15/15,15,15,0.8502080123358642,0.5,0.5141937577845473,0.6180034554656914,67.79046389155087,88.14398986777906,82.58817922914459,8.960098099493871,0.16974589820779323,1.5,0.6104608592831172,0.791909283953721,False
7,PCM-A,2.0,0.5,0.05,0.5,20,20/20,20,20,0.8502080123358642,0.5,0.5141937577845473,0.6297434535912597,67.79046389155087,88.0999522555535,82.58817922914459,8.953641100524807,0.1762563632626876,1.5,0.613065045305075,0.7912172895914404,False
8,PCM-A,2.0,0.5,0.05,0.5,20,continuous,20,0,0.8502080123358642,1.0,0.5141937577845473,0.8211705126303428,67.74812286629019,87.4362955229168,82.57547692156638,8.848356218053311,0.29969822702825777,1.5,0.7599417908113031,0.7798973141761445,False
9,PCM-A,2.0,0.5,0.05,0.5,30,10/10,10,10,0.9135775411206606,0.5,0.5256259816762298,0.6149189360645286,68.18928714775664,88.2872578237104,83.0246738499303,8.96179458516451,0.16805568796921416,1.5,0.6297847751876856,0.7956466886843238,False
10,PCM-A,2.0,0.5,0.05,0.5,30,15/15,15,15,0.9135775411206606,0.5,0.5256259816762298,0.6313962772382485,68.18928714775664,88.22540547762895,83.0246738499303,8.952732047518964,0.17718278173791965,1.5,0.6334356126951678,0.7946753775630653,False
11,PCM-A,2.0,0.5,0.05,0.5,30,20/20,20,20,0.9135775411206606,0.5,0.5256259816762298,0.6440113061073026,68.18928714775664,88.17873546368571,83.0246738499303,8.945793781640985,0.18433358328623728,1.5,0.6362959333144949,0.7939330018150256,False
12,PCM-A,2.0,0.5,0.05,0.5,30,continuous,20,0,0.9135775411206606,1.0,0.5256259816762298,0.8497062176624287,68.0898747124318,87.46244227657371,82.99485011933284,8.832661580285665,0.32088918059297367,1.5,0.7884181722371895,0.7815893622573777,False
13,PCM-A,2.0,0.5,0.05,0.5,40,10/10,10,10,0.9501385787369497,0.5,0.5322218010827632,0.6727007984899726,68.41837333697704,88.1503621456437,83.27620489477786,8.530014560830516,0.20112282857290964,1.5,0.6710116314291639,0.7876720684705508,False
14,PCM-A,2.0,0.5,0.05,0.5,40,15/15,15,15,0.9501385787369497,0.5,0.5322218010827632,0.6898375568049346,68.41837333697704,88.08966607432612,83.27620489477786,8.520589343757287,0.21150037990160064,1.5,0.6751626519606403,0.7866685679476048,False
15,PCM-A,2.0,0.5,0.05,0.5,40,20/20,20,20,0.9501385787369497,0.5,0.5322218010827632,0.7029574344955197,68.41837333697704,88.04389518491617,83.27620489477786,8.513373411027464,0.21962184653889907,1.5,0.6784112386155596,0.7859015735829021,False
16,PCM-A,2.0,0.5,0.05,0.5,40,continuous,20,0,0.9501385787369497,1.0,0.5322218010827632,0.9168841808543134,68.18460497526841,87.29925847765098,83.20607438626527,8.395713700530129,0.37363404493372676,1.5,0.8375161179734907,0.7726435241317313,False
17,PCM-A,2.0,0.5,0.05,1.0,10,10/10,10,10,0.740372585328781,0.5,0.49437882122335325,0.5816977224541158,67.0938272775299,88.05360334835242,81.83001110990287,8.980066252650238,0.1503876623592469,1.5,0.5930613149436986,0.7878722807348887,False
18,PCM-A,2.0,0.5,0.05,1.0,10,15/15,15,15,0.740372585328781,0.5,0.49437882122335325,0.5939853616131852,67.0938272775299,88.00582040659697,81.83001110990287,8.973308051112749,0.15680827102699837,1.5,0.5956295584107992,0.7871448949967017,False
19,PCM-A,2.0,0.5,0.05,1.0,10,20/20,20,20,0.740372585328781,0.5,0.49437882122335325,0.6033927606037095,67.0938272775299,87.96963263423501,81.83001110990287,8.968133981667961,0.16181458824398465,1.5,0.5976320852975938,0.7865887359088901,False
20,PCM-A,2.0,0.5,0.05,1.0,10,continuous,20,0,0.740372585328781,1.0,0.49437882122335325,0.756785521207419,67.0938272775299,87.42516804865632,81.83001110990287,8.88376796333592,0.2545441444929711,1.5,0.7322239077971884,0.7776041572859276,False
21,PCM-A,2.0,0.5,0.05,1.0,20,10/10,10,10,0.8502080123358642,0.5,0.5141937577845473,0.5545686181827186,67.79046389155087,88.39109279689004,82.58817922914459,8.994987259999505,0.13668726767692888,1.5,0.5995811570707714,0.7956651868552739,False
22,PCM-A,2.0,0.5,0.05,1.0,20,15/15,15,15,0.8502080123358642,0.5,0.5141937577845473,0.5686791477630292,67.79046389155087,88.33476343866995,82.58817922914459,8.987226468730334,0.14373154360021564,1.5,0.6023988674400862,0.7948272100627503,False
23,PCM-A,2.0,0.5,0.05,1.0,20,20/20,20,20,0.8502080123358642,0.5,0.5141937577845473,0.5794821490565364,67.79046389155087,88.29217178305893,82.58817922914459,8.981284818018906,0.1492442493667475,1.5,0.604603949746699,0.7941866388251102,False
24,PCM-A,2.0,0.5,0.05,1.0,20,continuous,20,0,0.8502080123358642,1.0,0.5141937577845473,0.7556309647797396,67.79046389155087,87.65885212109636,82.58817922914459,8.884402969371145,0.25376806885953773,1.5,0.7439134775438151,0.7838543114117759,False
25,PCM-A,2.0,0.5,0.05,1.0,30,10/10,10,10,0.9135775411206606,0.5,0.5256259816762298,0.5658408111019664,68.18928714775664,88.47764200735342,83.0246738499303,8.98878755389392,0.14230036600379165,1.5,0.6218263964015166,0.7985510866427786,False
26,PCM-A,2.0,0.5,0.05,1.0,30,15/15,15,15,0.9135775411206606,0.5,0.5256259816762298,0.5810030569651563,68.18928714775664,88.41782402600762,83.0246738499303,8.980448318669165,0.1500286898679363,1.5,0.6249177259471744,0.797651958066054,False
27,PCM-A,2.0,0.5,0.05,1.0,30,20/20,20,20,0.9135775411206606,0.5,0.5256259816762298,0.5926112507427361,68.18928714775664,88.37263655679115,83.0246738499303,8.974063812091496,0.15608359755860893,1.5,0.6273396890234435,0.7969647072409188,False
28,PCM-A,2.0,0.5,0.05,1.0,30,continuous,20,0,0.9135775411206606,1.0,0.5256259816762298,0.781889168152139,68.18928714775664,87.70525051813954,83.0246738499303,8.869960957516325,0.2717114094549528,1.5,0.7710908137819811,0.7858864417372579,False
29,PCM-A,2.0,0.5,0.05,1.0,40,10/10,10,10,0.9501385787369497,0.5,0.5322218010827632,0.6190109673359654,68.41837333697704,88.34740041904728,83.27620489477786,8.559543967965219,0.1702998123032034,1.5,0.6610261749212814,0.7908287092933095,False
30,PCM-A,2.0,0.5,0.05,1.0,40,15/15,15,15,0.9501385787369497,0.5,0.5322218010827632,0.6347800007091366,68.41837333697704,88.28842780722391,83.27620489477786,8.550870999609975,0.17908695524457402,1.5,0.6645410320978296,0.7898995581654369,False
31,PCM-A,2.0,0.5,0.05,1.0,40,20/20,20,20,0.9501385787369497,0.5,0.5322218010827632,0.6468527501377219,68.41837333697704,88.24390281537822,83.27620489477786,8.544230987424253,0.18596376904921516,1.5,0.6672917576196861,0.7891893502031779,False
32,PCM-A,2.0,0.5,0.05,1.0,40,continuous,20,0,0.9501385787369497,1.0,0.5322218010827632,0.8437055002754439,68.33096233642615,87.5600140321333,83.24998159461259,8.435961974848507,0.3163728760866832,1.5,0.8169554004346733,0.7774042476515277,False
33,PCM-A,2.0,0.5,0.05,2.0,10,10/10,10,10,0.740372585328781,0.5,0.49437882122335325,0.5352710605988934,67.0938272775299,88.23953692011486,81.83001110990287,9.005600916670609,0.12734004813985078,1.5,0.5932172692559402,0.7906305038920931,False
34,PCM-A,2.0,0.5,0.05,2.0,10,15/15,15,15,0.740372585328781,0.5,0.49437882122335325,0.5465779944084037,67.0938272775299,88.19345562611944,81.83001110990287,8.999382103075378,0.13277666843178357,1.5,0.5953919173727134,0.7899572863997829,False
35,PCM-A,2.0,0.5,0.05,2.0,10,20/20,20,20,0.740372585328781,0.5,0.49437882122335325,0.5552345667839851,67.0938272775299,88.15852633251495,81.83001110990287,8.994620988268808,0.13701574406746647,1.5,0.5970875476269866,0.7894425169310288,False
36,PCM-A,2.0,0.5,0.05,2.0,10,continuous,20,0,0.740372585328781,1.0,0.49437882122335325,0.6963846907867765,67.0938272775299,87.62965003858903,81.83001110990287,8.916988420067273,0.215534061138753,1.5,0.7259948744555011,0.7811237438969346,False
37,PCM-A,2.0,0.5,0.05,2.0,20,10/10,10,10,0.8502080123358642,0.5,0.5141937577845473,0.5103071938758392,67.79046389155087,88.57303105426404,82.58817922914459,9.01933104336829,0.11573930316508148,1.5,0.6005769712660326,0.7983033767850045,False
38,PCM-A,2.0,0.5,0.05,2.0,20,15/15,15,15,0.8502080123358642,0.5,0.5141937577845473,0.523291528939418,67.79046389155087,88.51882126813106,82.58817922914459,9.01218965908332,0.12170401078211278,1.5,0.602962854312845,0.7975279086693645,False
39,PCM-A,2.0,0.5,0.05,2.0,20,20/20,20,20,0.8502080123358642,0.5,0.5141937577845473,0.5332323173193879,67.79046389155087,88.47779146637352,82.58817922914459,9.006722225474338,0.1263718685483575,1.5,0.604829997419343,0.7969350819524524,False
40,PCM-A,2.0,0.5,0.05,2.0,20,continuous,20,0,0.8502080123358642,1.0,0.5141937577845473,0.6953222822200763,67.79046389155087,87.86324850176942,82.58817922914459,8.917572744778958,0.21487692273410466,1.5,0.7377320190936418,0.7873689450041959,False
41,PCM-A,2.0,0.5,0.05,2.0,30,10/10,10,10,0.9135775411206606,0.5,0.5256259816762298,0.5206797265955921,68.18928714775664,88.66128077573518,83.0246738499303,9.013626150372424,0.12049216786118247,1.5,0.622478117144473,0.8012392250290921,False
42,PCM-A,2.0,0.5,0.05,2.0,30,15/15,15,15,0.9135775411206606,0.5,0.5256259816762298,0.5346318379946376,68.18928714775664,88.60365941591206,83.0246738499303,9.00595248910295,0.12703608986556644,1.5,0.6250956859462266,0.800407115246996,False
43,PCM-A,2.0,0.5,0.05,2.0,30,20/20,20,20,0.9135775411206606,0.5,0.5256259816762298,0.5453135545548271,68.18928714775664,88.56008475742001,83.0246738499303,9.000077544994845,0.13216305456943128,1.5,0.6271464718277725,0.7997710471032896,False
44,PCM-A,2.0,0.5,0.05,2.0,30,continuous,20,0,0.9135775411206606,1.0,0.5256259816762298,0.7194847566909547,68.18928714775664,87.91148657373158,83.0246738499303,8.904283383819976,0.23007036227139657,1.5,0.7638093949085586,0.7895135248578693,False
45,PCM-A,2.0,0.5,0.05,2.0,40,10/10,10,10,0.9501385787369497,0.5,0.5322218010827632,0.5696062477439132,68.41837333697704,88.5383003174394,83.27620489477786,8.586716563740849,0.14420056776395565,1.5,0.6599614771055823,0.7937510525868807,False
46,PCM-A,2.0,0.5,0.05,2.0,40,15/15,15,15,0.9501385787369497,0.5,0.5322218010827632,0.584116717516197,68.41837333697704,88.48125032854665,83.27620489477786,8.578735805366092,0.15164103985862074,1.5,0.6629376659434483,0.7928909364130755,False
47,PCM-A,2.0,0.5,0.05,2.0,40,20/20,20,20,0.9501385787369497,0.5,0.5322218010827632,0.5952259124494697,68.41837333697704,88.43812902684203,83.27620489477786,8.572625748152792,0.15746394971169053,1.5,0.6652668298846762,0.7922334559013516,False
48,PCM-A,2.0,0.5,0.05,2.0,40,continuous,20,0,0.9501385787369497,1.0,0.5322218010827632,0.7763673821177456,68.41837333697704,87.79858297491658,83.27620489477786,8.47299793983524,0.2678872497850496,1.5,0.8069361499140199,0.7816298475623121,False
49,PCM-A,2.0,0.5,0.1,0.5,10,10/10,10,10,0.740372585328781,0.5,0.430381761297664,0.6321511944428946,66.21421755309561,87.57082305997531,81.56612819257259,8.952316843056408,0.1776067256158126,1.5,0.601605190246325,0.7729538931275746,False
50,PCM-A,2.0,0.5,0.1,0.5,10,15/15,15,15,0.740372585328781,0.5,0.430381761297664,0.6455046002951956,66.21421755309561,87.52147684063989,81.56612819257259,8.944972469837642,0.18518941733433789,1.5,0.6046382669337351,0.7721681670389025,False
51,PCM-A,2.0,0.5,0.1,0.5,10,20/20,20,20,0.740372585328781,0.5,0.430381761297664,0.6557279487438908,66.21421755309561,87.48414030341854,81.56612819257259,8.939349628190861,0.191101841228387,1.5,0.6070032364913548,0.7715674311260139,False
52,PCM-A,2.0,0.5,0.1,0.5,10,continuous,20,0,0.740372585328781,1.0,0.430381761297664,0.8224252093510557,66.1693671343935,86.91144482240989,81.55267306696194,8.84766613485692,0.3006147666560568,1.5,0.7483084066624227,0.761693692763874,False
53,PCM-A,2.0,0.5,0.1,0.5,20,10/10,10,10,0.8502080123358642,0.5,0.44763166548268846,0.6026690510420627,66.89818114647886,87.90784125869509,82.32049440562298,8.968532021926865,0.16142666003730685,1.5,0.6071331640149227,0.7804842157548492,False
54,PCM-A,2.0,0.5,0.1,0.5,20,15/15,15,15,0.8502080123358642,0.5,0.44763166548268846,0.6180034554656914,66.89818114647886,87.8495365619053,82.32049440562298,8.960098099493871,0.16974589820779323,1.5,0.6104608592831172,0.7795789122606778,False
55,PCM-A,2.0,0.5,0.1,0.5,20,20/20,20,20,0.8502080123358642,0.5,0.44763166548268846,0.6297434535912597,66.89818114647886,87.80549894967974,82.32049440562298,8.953641100524807,0.1762563632626876,1.5,0.613065045305075,0.7788869178983975,False
56,PCM-A,2.0,0.5,0.1,0.5,20,continuous,20,0,0.8502080123358642,1.0,0.44763166548268846,0.8211705126303428,66.85584012121818,87.14184221704302,82.30779209804477,8.848356218053311,0.29969822702825777,1.5,0.7599417908113031,0.7675669424831013,False
57,PCM-A,2.0,0.5,0.1,0.5,30,10/10,10,10,0.9135775411206606,0.5,0.45758399443132003,0.6149189360645286,67.29022392657423,87.99056696072022,82.75495488357556,8.96179458516451,0.16805568796921416,1.5,0.6297847751876856,0.7830922675221696,False
58,PCM-A,2.0,0.5,0.1,0.5,30,15/15,15,15,0.9135775411206606,0.5,0.45758399443132003,0.6313962772382485,67.29022392657423,87.92871461463876,82.75495488357556,8.952732047518964,0.17718278173791965,1.5,0.6334356126951678,0.7821209564009112,False
59,PCM-A,2.0,0.5,0.1,0.5,30,20/20,20,20,0.9135775411206606,0.5,0.45758399443132003,0.6440113061073026,67.29022392657423,87.88204460069552,82.75495488357556,8.945793781640985,0.18433358328623728,1.5,0.6362959333144949,0.7813785806528715,False
60,PCM-A,2.0,0.5,0.1,0.5,30,continuous,20,0,0.9135775411206606,1.0,0.45758399443132003,0.8497062176624287,67.19081149124938,87.16575141358352,82.72513115297811,8.832661580285665,0.32088918059297367,1.5,0.7884181722371895,0.7690349410952237,False
61,PCM-A,2.0,0.5,0.1,0.5,40,10/10,10,10,0.9501385787369497,0.5,0.46332598873107717,0.6727007984899726,67.51557009813942,87.85243707682729,83.00536392312657,8.530014560830516,0.20112282857290964,1.5,0.6710116314291639,0.774989041781285,False
62,PCM-A,2.0,0.5,0.1,0.5,40,15/15,15,15,0.9501385787369497,0.5,0.46332598873107717,0.6898375568049346,67.51557009813942,87.7917410055097,83.00536392312657,8.520589343757287,0.21150037990160064,1.5,0.6751626519606403,0.7739855412583388,False
63,PCM-A,2.0,0.5,0.1,0.5,40,20/20,20,20,0.9501385787369497,0.5,0.46332598873107717,0.7029574344955197,67.51557009813942,87.74597011609976,83.00536392312657,8.513373411027464,0.21962184653889907,1.5,0.6784112386155596,0.7732185468936363,False
64,PCM-A,2.0,0.5,0.1,0.5,40,continuous,20,0,0.9501385787369497,1.0,0.46332598873107717,0.9168841808543134,67.2818017364308,87.00133340883457,82.93523341461398,8.395713700530129,0.37363404493372676,1.5,0.8375161179734907,0.7599604974424653,False
65,PCM-A,2.0,0.5,0.1,1.0,10,10/10,10,10,0.740372585328781,0.5,0.430381761297664,0.5816977224541158,66.21421755309561,87.7633321392891,81.56612819257259,8.980066252650238,0.1503876623592469,1.5,0.5930613149436986,0.7759337757871041,False
66,PCM-A,2.0,0.5,0.1,1.0,10,15/15,15,15,0.740372585328781,0.5,0.430381761297664,0.5939853616131852,66.21421755309561,87.71554919753368,81.56612819257259,8.973308051112749,0.15680827102699837,1.5,0.5956295584107992,0.7752063900489172,False
67,PCM-A,2.0,0.5,0.1,1.0,10,20/20,20,20,0.740372585328781,0.5,0.430381761297664,0.6033927606037095,66.21421755309561,87.6793614251717,81.56612819257259,8.968133981667961,0.16181458824398465,1.5,0.5976320852975938,0.7746502309611056,False
68,PCM-A,2.0,0.5,0.1,1.0,10,continuous,20,0,0.740372585328781,1.0,0.430381761297664,0.756785521207419,66.21421755309561,87.13489683959301,81.56612819257259,8.88376796333592,0.2545441444929711,1.5,0.7322239077971884,0.765665652338143,False
69,PCM-A,2.0,0.5,0.1,1.0,20,10/10,10,10,0.8502080123358642,0.5,0.44763166548268846,0.5545686181827186,66.89818114647886,88.09663949101628,82.32049440562298,8.994987259999505,0.13668726767692888,1.5,0.5995811570707714,0.7833348151622309,False
70,PCM-A,2.0,0.5,0.1,1.0,20,15/15,15,15,0.8502080123358642,0.5,0.44763166548268846,0.5686791477630292,66.89818114647886,88.0403101327962,82.32049440562298,8.987226468730334,0.14373154360021564,1.5,0.6023988674400862,0.7824968383697072,False
71,PCM-A,2.0,0.5,0.1,1.0,20,20/20,20,20,0.8502080123358642,0.5,0.44763166548268846,0.5794821490565364,66.89818114647886,87.99771847718517,82.32049440562298,8.981284818018906,0.1492442493667475,1.5,0.604603949746699,0.781856267132067,False
72,PCM-A,2.0,0.5,0.1,1.0,20,continuous,20,0,0.8502080123358642,1.0,0.44763166548268846,0.7556309647797396,66.89818114647886,87.3643988152226,82.32049440562298,8.884402969371145,0.25376806885953773,1.5,0.7439134775438151,0.7715239397187329,False
73,PCM-A,2.0,0.5,0.1,1.0,30,10/10,10,10,0.9135775411206606,0.5,0.45758399443132003,0.5658408111019664,67.29022392657423,88.18095114436323,82.75495488357556,8.98878755389392,0.14230036600379165,1.5,0.6218263964015166,0.7859966654806245,False
74,PCM-A,2.0,0.5,0.1,1.0,30,15/15,15,15,0.9135775411206606,0.5,0.45758399443132003,0.5810030569651563,67.29022392657423,88.12113316301743,82.75495488357556,8.980448318669165,0.1500286898679363,1.5,0.6249177259471744,0.7850975369038999,False
75,PCM-A,2.0,0.5,0.1,1.0,30,20/20,20,20,0.9135775411206606,0.5,0.45758399443132003,0.5926112507427361,67.29022392657423,88.07594569380096,82.75495488357556,8.974063812091496,0.15608359755860893,1.5,0.6273396890234435,0.7844102860787647,False
76,PCM-A,2.0,0.5,0.1,1.0,30,continuous,20,0,0.9135775411206606,1.0,0.45758399443132003,0.781889168152139,67.29022392657423,87.40855965514935,82.75495488357556,8.869960957516325,0.2717114094549528,1.5,0.7710908137819811,0.7733320205751039,False
77,PCM-A,2.0,0.5,0.1,1.0,40,10/10,10,10,0.9501385787369497,0.5,0.46332598873107717,0.6190109673359654,67.51557009813942,88.04947535023086,83.00536392312657,8.559543967965219,0.1702998123032034,1.5,0.6610261749212814,0.7781456826040436,False
78,PCM-A,2.0,0.5,0.1,1.0,40,15/15,15,15,0.9501385787369497,0.5,0.46332598873107717,0.6347800007091366,67.51557009813942,87.9905027384075,83.00536392312657,8.550870999609975,0.17908695524457402,1.5,0.6645410320978296,0.777216531476171,False
79,PCM-A,2.0,0.5,0.1,1.0,40,20/20,20,20,0.9501385787369497,0.5,0.46332598873107717,0.6468527501377219,67.51557009813942,87.94597774656181,83.00536392312657,8.544230987424253,0.18596376904921516,1.5,0.6672917576196861,0.776506323513912,False
80,PCM-A,2.0,0.5,0.1,1.0,40,continuous,20,0,0.9501385787369497,1.0,0.46332598873107717,0.8437055002754439,67.42815909758853,87.26208896331688,82.9791406229613,8.435961974848507,0.3163728760866832,1.5,0.8169554004346733,0.7647212209622619,False
81,PCM-A,2.0,0.5,0.1,2.0,10,10/10,10,10,0.740372585328781,0.5,0.430381761297664,0.5352710605988934,66.21421755309561,87.94926571105154,81.56612819257259,9.005600916670609,0.12734004813985078,1.5,0.5932172692559402,0.7786919989443085,False
82,PCM-A,2.0,0.5,0.1,2.0,10,15/15,15,15,0.740372585328781,0.5,0.430381761297664,0.5465779944084037,66.21421755309561,87.90318441705614,81.56612819257259,8.999382103075378,0.13277666843178357,1.5,0.5953919173727134,0.7780187814519983,False
83,PCM-A,2.0,0.5,0.1,2.0,10,20/20,20,20,0.740372585328781,0.5,0.430381761297664,0.5552345667839851,66.21421755309561,87.86825512345165,81.56612819257259,8.994620988268808,0.13701574406746647,1.5,0.5970875476269866,0.7775040119832444,False
84,PCM-A,2.0,0.5,0.1,2.0,10,continuous,20,0,0.740372585328781,1.0,0.430381761297664,0.6963846907867765,66.21421755309561,87.33937882952573,81.56612819257259,8.916988420067273,0.215534061138753,1.5,0.7259948744555011,0.7691852389491498,False
85,PCM-A,2.0,0.5,0.1,2.0,20,10/10,10,10,0.8502080123358642,0.5,0.44763166548268846,0.5103071938758392,66.89818114647886,88.27857774839028,82.32049440562298,9.01933104336829,0.11573930316508148,1.5,0.6005769712660326,0.7859730050919614,False
86,PCM-A,2.0,0.5,0.1,2.0,20,15/15,15,15,0.8502080123358642,0.5,0.44763166548268846,0.523291528939418,66.89818114647886,88.2243679622573,82.32049440562298,9.01218965908332,0.12170401078211278,1.5,0.602962854312845,0.7851975369763214,False
87,PCM-A,2.0,0.5,0.1,2.0,20,20/20,20,20,0.8502080123358642,0.5,0.44763166548268846,0.5332323173193879,66.89818114647886,88.18333816049976,82.32049440562298,9.006722225474338,0.1263718685483575,1.5,0.604829997419343,0.7846047102594095,False
88,PCM-A,2.0,0.5,0.1,2.0,20,continuous,20,0,0.8502080123358642,1.0,0.44763166548268846,0.6953222822200763,66.89818114647886,87.56879519589566,82.32049440562298,8.917572744778958,0.21487692273410466,1.5,0.7377320190936418,0.7750385733111528,False
89,PCM-A,2.0,0.5,0.1,2.0,30,10/10,10,10,0.9135775411206606,0.5,0.45758399443132003,0.5206797265955921,67.29022392657423,88.36458991274499,82.75495488357556,9.013626150372424,0.12049216786118247,1.5,0.622478117144473,0.788684803866938,False
90,PCM-A,2.0,0.5,0.1,2.0,30,15/15,15,15,0.9135775411206606,0.5,0.45758399443132003,0.5346318379946376,67.29022392657423,88.30696855292187,82.75495488357556,9.00595248910295,0.12703608986556644,1.5,0.6250956859462266,0.787852694084842,False
91,PCM-A,2.0,0.5,0.1,2.0,30,20/20,20,20,0.9135775411206606,0.5,0.45758399443132003,0.5453135545548271,67.29022392657423,88.26339389442983,82.75495488357556,9.000077544994845,0.13216305456943128,1.5,0.6271464718277725,0.7872166259411355,False
92,PCM-A,2.0,0.5,0.1,2.0,30,continuous,20,0,0.9135775411206606,1.0,0.45758399443132003,0.7194847566909547,67.29022392657423,87.61479571074139,82.75495488357556,8.904283383819976,0.23007036227139657,1.5,0.7638093949085586,0.7769591036957153,False
93,PCM-A,2.0,0.5,0.1,2.0,40,10/10,10,10,0.9501385787369497,0.5,0.46332598873107717,0.5696062477439132,67.51557009813942,88.24037524862298,83.00536392312657,8.586716563740849,0.14420056776395565,1.5,0.6599614771055823,0.7810680258976148,False
94,PCM-A,2.0,0.5,0.1,2.0,40,15/15,15,15,0.9501385787369497,0.5,0.46332598873107717,0.584116717516197,67.51557009813942,88.18332525973024,83.00536392312657,8.578735805366092,0.15164103985862074,1.5,0.6629376659434483,0.7802079097238096,False
95,PCM-A,2.0,0.5,0.1,2.0,40,20/20,20,20,0.9501385787369497,0.5,0.46332598873107717,0.5952259124494697,67.51557009813942,88.14020395802562,83.00536392312657,8.572625748152792,0.15746394971169053,1.5,0.6652668298846762,0.7795504292120858,False
96,PCM-A,2.0,0.5,0.1,2.0,40,continuous,20,0,0.9501385787369497,1.0,0.46332598873107717,0.7763673821177456,67.51557009813942,87.50065790610017,83.00536392312657,8.47299793983524,0.2678872497850496,1.5,0.8069361499140199,0.7689468208730463,False
97,PCM-A,2.0,0.5,0.3,0.5,10,10/10,10,10,0.740372585328781,0.5,0.34548532721720554,0.6321511944428946,64.92368192045227,87.14494630120299,81.17896750277959,8.952316843056408,0.1776067256158126,1.5,0.601605190246325,0.7566421957750077,False
98,PCM-A,2.0,0.5,0.3,0.5,10,15/15,15,15,0.740372585328781,0.5,0.34548532721720554,0.6455046002951956,64.92368192045227,87.09560008186757,81.17896750277959,8.944972469837642,0.18518941733433789,1.5,0.6046382669337351,0.7558564696863356,False
99,PCM-A,2.0,0.5,0.3,0.5,10,20/20,20,20,0.740372585328781,0.5,0.34548532721720554,0.6557279487438908,64.92368192045227,87.05826354464622,81.17896750277959,8.939349628190861,0.191101841228387,1.5,0.6070032364913548,0.755255733773447,False
100,PCM-A,2.0,0.5,0.3,0.5,10,continuous,20,0,0.740372585328781,1.0,0.34548532721720554,0.8224252093510557,64.87883150175016,86.48556806363759,81.16551237716897,8.84766613485692,0.3006147666560568,1.5,0.7483084066624227,0.7453819954113071,False
101,PCM-A,2.0,0.5,0.3,0.5,20,10/10,10,10,0.8502080123358642,0.5,0.35933254224290645,0.6026690510420627,65.58374258484837,87.47407653335702,81.92616283713383,8.968532021926865,0.16142666003730685,1.5,0.6071331640149227,0.7636254755289228,False
102,PCM-A,2.0,0.5,0.3,0.5,20,15/15,15,15,0.8502080123358642,0.5,0.35933254224290645,0.6180034554656914,65.58374258484837,87.41577183656723,81.92616283713383,8.960098099493871,0.16974589820779323,1.5,0.6104608592831172,0.7627201720347513,False
103,PCM-A,2.0,0.5,0.3,0.5,20,20/20,20,20,0.8502080123358642,0.5,0.35933254224290645,0.6297434535912597,65.58374258484837,87.37173422434168,81.92616283713383,8.953641100524807,0.1762563632626876,1.5,0.613065045305075,0.7620281776724709,False
104,PCM-A,2.0,0.5,0.3,0.5,20,continuous,20,0,0.8502080123358642,1.0,0.35933254224290645,0.8211705126303428,65.54140155958768,86.70807749170497,81.91346052955562,8.848356218053311,0.29969822702825777,1.5,0.7599417908113031,0.7507082022571749,False
105,PCM-A,2.0,0.5,0.3,0.5,30,10/10,10,10,0.9135775411206606,0.5,0.3673216903262825,0.6149189360645286,65.96270001729869,87.55248407065929,82.3566977107929,8.96179458516451,0.16805568796921416,1.5,0.6297847751876856,0.7659206173745692,False
106,PCM-A,2.0,0.5,0.3,0.5,30,15/15,15,15,0.9135775411206606,0.5,0.3673216903262825,0.6313962772382485,65.96270001729869,87.49063172457784,82.3566977107929,8.952732047518964,0.17718278173791965,1.5,0.6334356126951678,0.7649493062533106,False
107,PCM-A,2.0,0.5,0.3,0.5,30,20/20,20,20,0.9135775411206606,0.5,0.3673216903262825,0.6440113061073026,65.96270001729869,87.4439617106346,82.3566977107929,8.945793781640985,0.18433358328623728,1.5,0.6362959333144949,0.764206930505271,False
108,PCM-A,2.0,0.5,0.3,0.5,30,continuous,20,0,0.9135775411206606,1.0,0.3673216903262825,0.8497062176624287,65.86328758197384,86.72766852352258,82.32687398019544,8.832661580285665,0.32088918059297367,1.5,0.7884181722371895,0.751863290947623,False
109,PCM-A,2.0,0.5,0.3,0.5,40,10/10,10,10,0.9501385787369497,0.5,0.37193102779808784,0.6727007984899726,66.18072616656085,87.41193857940635,82.604910743653,8.530014560830516,0.20112282857290964,1.5,0.6710116314291639,0.7576377390227805,False
110,PCM-A,2.0,0.5,0.3,0.5,40,15/15,15,15,0.9501385787369497,0.5,0.37193102779808784,0.6898375568049346,66.18072616656085,87.35124250808877,82.604910743653,8.520589343757287,0.21150037990160064,1.5,0.6751626519606403,0.7566342384998344,False
111,PCM-A,2.0,0.5,0.3,0.5,40,20/20,20,20,0.9501385787369497,0.5,0.37193102779808784,0.7029574344955197,66.18072616656085,87.30547161867882,82.604910743653,8.513373411027464,0.21962184653889907,1.5,0.6784112386155596,0.7558672441351318,False
112,PCM-A,2.0,0.5,0.3,0.5,40,continuous,20,0,0.9501385787369497,1.0,0.37193102779808784,0.9168841808543134,65.94695780485222,86.56083491141364,82.5347802351404,8.395713700530129,0.37363404493372676,1.5,0.8375161179734907,0.742609194683961,False
113,PCM-A,2.0,0.5,0.3,1.0,10,10/10,10,10,0.740372585328781,0.5,0.34548532721720554,0.5816977224541158,64.92368192045227,87.33745538051679,81.17896750277959,8.980066252650238,0.1503876623592469,1.5,0.5930613149436986,0.759622078434537,False
114,PCM-A,2.0,0.5,0.3,1.0,10,15/15,15,15,0.740372585328781,0.5,0.34548532721720554,0.5939853616131852,64.92368192045227,87.28967243876136,81.17896750277959,8.973308051112749,0.15680827102699837,1.5,0.5956295584107992,0.7588946926963501,False
115,PCM-A,2.0,0.5,0.3,1.0,10,20/20,20,20,0.740372585328781,0.5,0.34548532721720554,0.6033927606037095,64.92368192045227,87.25348466639939,81.17896750277959,8.968133981667961,0.16181458824398465,1.5,0.5976320852975938,0.7583385336085385,False
116,PCM-A,2.0,0.5,0.3,1.0,10,continuous,20,0,0.740372585328781,1.0,0.34548532721720554,0.756785521207419,64.92368192045227,86.7090200808207,81.17896750277959,8.88376796333592,0.2545441444929711,1.5,0.7322239077971884,0.749353954985576,False
117,PCM-A,2.0,0.5,0.3,1.0,20,10/10,10,10,0.8502080123358642,0.5,0.35933254224290645,0.5545686181827186,65.58374258484837,87.66287476567821,81.92616283713383,8.994987259999505,0.13668726767692888,1.5,0.5995811570707714,0.7664760749363045,False
118,PCM-A,2.0,0.5,0.3,1.0,20,15/15,15,15,0.8502080123358642,0.5,0.35933254224290645,0.5686791477630292,65.58374258484837,87.60654540745813,81.92616283713383,8.987226468730334,0.14373154360021564,1.5,0.6023988674400862,0.7656380981437807,False
119,PCM-A,2.0,0.5,0.3,1.0,20,20/20,20,20,0.8502080123358642,0.5,0.35933254224290645,0.5794821490565364,65.58374258484837,87.56395375184711,81.92616283713383,8.981284818018906,0.1492442493667475,1.5,0.604603949746699,0.7649975269061406,False
120,PCM-A,2.0,0.5,0.3,1.0,20,continuous,20,0,0.8502080123358642,1.0,0.35933254224290645,0.7556309647797396,65.58374258484837,86.93063408988453,81.92616283713383,8.884402969371145,0.25376806885953773,1.5,0.7439134775438151,0.7546651994928064,False
121,PCM-A,2.0,0.5,0.3,1.0,30,10/10,10,10,0.9135775411206606,0.5,0.3673216903262825,0.5658408111019664,65.96270001729869,87.74286825430231,82.3566977107929,8.98878755389392,0.14230036600379165,1.5,0.6218263964015166,0.768825015333024,False
122,PCM-A,2.0,0.5,0.3,1.0,30,15/15,15,15,0.9135775411206606,0.5,0.3673216903262825,0.5810030569651563,65.96270001729869,87.6830502729565,82.3566977107929,8.980448318669165,0.1500286898679363,1.5,0.6249177259471744,0.7679258867562995,False
123,PCM-A,2.0,0.5,0.3,1.0,30,20/20,20,20,0.9135775411206606,0.5,0.3673216903262825,0.5926112507427361,65.96270001729869,87.63786280374003,82.3566977107929,8.974063812091496,0.15608359755860893,1.5,0.6273396890234435,0.7672386359311641,False
124,PCM-A,2.0,0.5,0.3,1.0,30,continuous,20,0,0.9135775411206606,1.0,0.3673216903262825,0.781889168152139,65.96270001729869,86.97047676508842,82.3566977107929,8.869960957516325,0.2717114094549528,1.5,0.7710908137819811,0.7561603704275034,False
125,PCM-A,2.0,0.5,0.3,1.0,40,10/10,10,10,0.9501385787369497,0.5,0.37193102779808784,0.6190109673359654,66.18072616656085,87.60897685280993,82.604910743653,8.559543967965219,0.1702998123032034,1.5,0.6610261749212814,0.7607943798455391,False
126,PCM-A,2.0,0.5,0.3,1.0,40,15/15,15,15,0.9501385787369497,0.5,0.37193102779808784,0.6347800007091366,66.18072616656085,87.55000424098657,82.604910743653,8.550870999609975,0.17908695524457402,1.5,0.6645410320978296,0.7598652287176666,False
127,PCM-A,2.0,0.5,0.3,1.0,40,20/20,20,20,0.9501385787369497,0.5,0.37193102779808784,0.6468527501377219,66.18072616656085,87.50547924914088,82.604910743653,8.544230987424253,0.18596376904921516,1.5,0.6672917576196861,0.7591550207554075,False
128,PCM-A,2.0,0.5,0.3,1.0,40,continuous,20,0,0.9501385787369497,1.0,0.37193102779808784,0.8437055002754439,66.09331516600996,86.82159046589595,82.57868744348772,8.435961974848507,0.3163728760866832,1.5,0.8169554004346733,0.7473699182037575,False
129,PCM-A,2.0,0.5,0.3,2.0,10,10/10,10,10,0.740372585328781,0.5,0.34548532721720554,0.5352710605988934,64.92368192045227,87.52338895227922,81.17896750277959,9.005600916670609,0.12734004813985078,1.5,0.5932172692559402,0.7623803015917414,False
130,PCM-A,2.0,0.5,0.3,2.0,10,15/15,15,15,0.740372585328781,0.5,0.34548532721720554,0.5465779944084037,64.92368192045227,87.47730765828382,81.17896750277959,8.999382103075378,0.13277666843178357,1.5,0.5953919173727134,0.7617070840994312,False
131,PCM-A,2.0,0.5,0.3,2.0,10,20/20,20,20,0.740372585328781,0.5,0.34548532721720554,0.5552345667839851,64.92368192045227,87.44237836467933,81.17896750277959,8.994620988268808,0.13701574406746647,1.5,0.5970875476269866,0.7611923146306773,False
132,PCM-A,2.0,0.5,0.3,2.0,10,continuous,20,0,0.740372585328781,1.0,0.34548532721720554,0.6963846907867765,64.92368192045227,86.91350207075341,81.17896750277959,8.916988420067273,0.215534061138753,1.5,0.7259948744555011,0.7528735415965829,False
133,PCM-A,2.0,0.5,0.3,2.0,20,10/10,10,10,0.8502080123358642,0.5,0.35933254224290645,0.5103071938758392,65.58374258484837,87.84481302305221,81.92616283713383,9.01933104336829,0.11573930316508148,1.5,0.6005769712660326,0.7691142648660351,False
134,PCM-A,2.0,0.5,0.3,2.0,20,15/15,15,15,0.8502080123358642,0.5,0.35933254224290645,0.523291528939418,65.58374258484837,87.79060323691924,81.92616283713383,9.01218965908332,0.12170401078211278,1.5,0.602962854312845,0.7683387967503951,False
135,PCM-A,2.0,0.5,0.3,2.0,20,20/20,20,20,0.8502080123358642,0.5,0.35933254224290645,0.5332323173193879,65.58374258484837,87.7495734351617,81.92616283713383,9.006722225474338,0.1263718685483575,1.5,0.604829997419343,0.7677459700334829,False
136,PCM-A,2.0,0.5,0.3,2.0,20,continuous,20,0,0.8502080123358642,1.0,0.35933254224290645,0.6953222822200763,65.58374258484837,87.1350304705576,81.92616283713383,8.917572744778958,0.21487692273410466,1.5,0.7377320190936418,0.7581798330852263,False
137,PCM-A,2.0,0.5,0.3,2.0,30,10/10,10,10,0.9135775411206606,0.5,0.3673216903262825,0.5206797265955921,65.96270001729869,87.92650702268406,82.3566977107929,9.013626150372424,0.12049216786118247,1.5,0.622478117144473,0.7715131537193374,False
138,PCM-A,2.0,0.5,0.3,2.0,30,15/15,15,15,0.9135775411206606,0.5,0.3673216903262825,0.5346318379946376,65.96270001729869,87.86888566286095,82.3566977107929,9.00595248910295,0.12703608986556644,1.5,0.6250956859462266,0.7706810439372414,False
139,PCM-A,2.0,0.5,0.3,2.0,30,20/20,20,20,0.9135775411206606,0.5,0.3673216903262825,0.5453135545548271,65.96270001729869,87.8253110043689,82.3566977107929,9.000077544994845,0.13216305456943128,1.5,0.6271464718277725,0.770044975793535,False
140,PCM-A,2.0,0.5,0.3,2.0,30,continuous,20,0,0.9135775411206606,1.0,0.3673216903262825,0.7194847566909547,65.96270001729869,87.17671282068046,82.3566977107929,8.904283383819976,0.23007036227139657,1.5,0.7638093949085586,0.7597874535481147,False
141,PCM-A,2.0,0.5,0.3,2.0,40,10/10,10,10,0.9501385787369497,0.5,0.37193102779808784,0.5696062477439132,66.18072616656085,87.79987675120205,82.604910743653,8.586716563740849,0.14420056776395565,1.5,0.6599614771055823,0.7637167231391105,False
142,PCM-A,2.0,0.5,0.3,2.0,40,15/15,15,15,0.9501385787369497,0.5,0.37193102779808784,0.584116717516197,66.18072616656085,87.7428267623093,82.604910743653,8.578735805366092,0.15164103985862074,1.5,0.6629376659434483,0.7628566069653052,False
143,PCM-A,2.0,0.5,0.3,2.0,40,20/20,20,20,0.9501385787369497,0.5,0.37193102779808784,0.5952259124494697,66.18072616656085,87.69970546060469,82.604910743653,8.572625748152792,0.15746394971169053,1.5,0.6652668298846762,0.7621991264535812,False
144,PCM-A,2.0,0.5,0.3,2.0,40,continuous,20,0,0.9501385787369497,1.0,0.37193102779808784,0.7763673821177456,66.18072616656085,87.06015940867924,82.604910743653,8.47299793983524,0.2678872497850496,1.5,0.8069361499140199,0.7515955181145418,False
145,PCM-A,2.0,1.0,0.05,0.5,10,10/10,10,10,0.740372585328781,0.5,0.6614430474174015,0.6321511944428946,69.06199970487074,88.5105911700611,82.42046283810512,8.952316843056408,0.1776067256158126,0.9497886452273365,0.4278813067190727,0.8147993257717587,False
146,PCM-A,2.0,1.0,0.05,0.5,10,15/15,15,15,0.740372585328781,0.5,0.6614430474174015,0.6455046002951956,69.06199970487074,88.46124495072569,82.42046283810512,8.944972469837642,0.18518941733433789,0.9497886452273365,0.43091438340648286,0.8140135996830866,False
147,PCM-A,2.0,1.0,0.05,0.5,10,20/20,20,20,0.740372585328781,0.5,0.6614430474174015,0.6557279487438908,69.06199970487074,88.42390841350434,82.42046283810512,8.939349628190861,0.191101841228387,0.9497886452273365,0.4332793529641025,0.8134128637701981,False
148,PCM-A,2.0,1.0,0.05,0.5,10,continuous,20,0,0.740372585328781,1.0,0.6614430474174015,0.8224252093510557,69.01714928616863,87.85121293249568,82.4070077124945,8.84766613485692,0.3006147666560568,0.9497886452273365,0.5745845231351704,0.8035391254080583,False
149,PCM-A,2.0,1.0,0.05,0.5,20,10/10,10,10,0.8502080123358642,0.5,0.6879539970389618,0.6026690510420627,69.77484419065634,88.85714006327365,83.18349331887622,8.968532021926865,0.16142666003730685,0.8384291780551506,0.39777425099257097,0.8236797433166985,False
150,PCM-A,2.0,1.0,0.05,0.5,20,15/15,15,15,0.8502080123358642,0.5,0.6879539970389618,0.6180034554656914,69.77484419065634,88.79883536648386,83.18349331887622,8.960098099493871,0.16974589820779323,0.8384291780551506,0.4011019462607655,0.8227744398225271,False
151,PCM-A,2.0,1.0,0.05,0.5,20,20/20,20,20,0.8502080123358642,0.5,0.6879539970389618,0.6297434535912597,69.77484419065634,88.7547977542583,83.18349331887622,8.953641100524807,0.1762563632626876,0.8384291780551506,0.4037061322827233,0.8220824454602467,False
152,PCM-A,2.0,1.0,0.05,0.5,20,continuous,20,0,0.8502080123358642,1.0,0.6879539970389618,0.8211705126303428,69.73250316539566,88.0911410216216,83.17079101129802,8.848356218053311,0.29969822702825777,0.8384291780551506,0.5505828777889512,0.8107624700449506,False
153,PCM-A,2.0,1.0,0.05,0.5,30,10/10,10,10,0.9135775411206606,0.5,0.7032494843961279,0.6149189360645286,70.18172352368815,88.9447618277678,83.62240476270973,8.96179458516451,0.16805568796921416,0.7773381315157453,0.4008767272727241,0.8270597257791009,False
154,PCM-A,2.0,1.0,0.05,0.5,30,15/15,15,15,0.9135775411206606,0.5,0.7032494843961279,0.6313962772382485,70.18172352368815,88.88290948168635,83.62240476270973,8.952732047518964,0.17718278173791965,0.7773381315157453,0.4045275647802063,0.8260884146578424,False
155,PCM-A,2.0,1.0,0.05,0.5,30,20/20,20,20,0.9135775411206606,0.5,0.7032494843961279,0.6440113061073026,70.18172352368815,88.83623946774311,83.62240476270973,8.945793781640985,0.18433358328623728,0.7773381315157453,0.40738788539953336,0.8253460389098028,False
156,PCM-A,2.0,1.0,0.05,0.5,30,continuous,20,0,0.9135775411206606,1.0,0.7032494843961279,0.8497062176624287,70.0823110883633,88.11994628063111,83.59258103211228,8.832661580285665,0.32088918059297367,0.7773381315157453,0.5595101243222278,0.8130023993521548,False
157,PCM-A,2.0,1.0,0.05,0.5,40,10/10,10,10,0.9501385787369497,0.5,0.7120742129265218,0.6727007984899726,70.41504215294819,88.80926285491417,83.8752055395692,8.530014560830516,0.20112282857290964,0.7431427964275437,0.43116107628597783,0.8193996114646892,False
158,PCM-A,2.0,1.0,0.05,0.5,40,15/15,15,15,0.9501385787369497,0.5,0.7120742129265218,0.6898375568049346,70.41504215294819,88.74856678359659,83.8752055395692,8.520589343757287,0.21150037990160064,0.7431427964275437,0.43531209681745425,0.818396110941743,False
159,PCM-A,2.0,1.0,0.05,0.5,40,20/20,20,20,0.9501385787369497,0.5,0.7120742129265218,0.7029574344955197,70.41504215294819,88.70279589418664,83.8752055395692,8.513373411027464,0.21962184653889907,0.7431427964275437,0.4385606834723736,0.8176291165770405,False
160,PCM-A,2.0,1.0,0.05,0.5,40,continuous,20,0,0.9501385787369497,1.0,0.7120742129265218,0.9168841808543134,70.18127379123956,87.95815918692146,83.80507503105662,8.395713700530129,0.37363404493372676,0.7431427964275437,0.5976655628303047,0.8043710671258697,False
161,PCM-A,2.0,1.0,0.05,1.0,10,10/10,10,10,0.740372585328781,0.5,0.6614430474174015,0.5816977224541158,69.06199970487074,88.7031002493749,82.42046283810512,8.980066252650238,0.1503876623592469,0.9497886452273365,0.41933743141644647,0.8177792084312882,False
162,PCM-A,2.0,1.0,0.05,1.0,10,15/15,15,15,0.740372585328781,0.5,0.6614430474174015,0.5939853616131852,69.06199970487074,88.65531730761947,82.42046283810512,8.973308051112749,0.15680827102699837,0.9497886452273365,0.4219056748835471,0.8170518226931014,False
163,PCM-A,2.0,1.0,0.05,1.0,10,20/20,20,20,0.740372585328781,0.5,0.6614430474174015,0.6033927606037095,69.06199970487074,88.6191295352575,82.42046283810512,8.968133981667961,0.16181458824398465,0.9497886452273365,0.42390820177034155,0.8164956636052898,False
164,PCM-A,2.0,1.0,0.05,1.0,10,continuous,20,0,0.740372585328781,1.0,0.6614430474174015,0.756785521207419,69.06199970487074,88.0746649496788,82.42046283810512,8.88376796333592,0.2545441444929711,0.9497886452273365,0.5585000242699362,0.8075110849823272,False
165,PCM-A,2.0,1.0,0.05,1.0,20,10/10,10,10,0.8502080123358642,0.5,0.6879539970389618,0.5545686181827186,69.77484419065634,89.04593829559484,83.18349331887622,8.994987259999505,0.13668726767692888,0.8384291780551506,0.3902222440484197,0.8265303427240801,False
166,PCM-A,2.0,1.0,0.05,1.0,20,15/15,15,15,0.8502080123358642,0.5,0.6879539970389618,0.5686791477630292,69.77484419065634,88.98960893737475,83.18349331887622,8.987226468730334,0.14373154360021564,0.8384291780551506,0.3930399544177345,0.8256923659315564,False
167,PCM-A,2.0,1.0,0.05,1.0,20,20/20,20,20,0.8502080123358642,0.5,0.6879539970389618,0.5794821490565364,69.77484419065634,88.94701728176373,83.18349331887622,8.981284818018906,0.1492442493667475,0.8384291780551506,0.39524503672434713,0.8250517946939164,False
168,PCM-A,2.0,1.0,0.05,1.0,20,continuous,20,0,0.8502080123358642,1.0,0.6879539970389618,0.7556309647797396,69.77484419065634,88.31369761980116,83.18349331887622,8.884402969371145,0.25376806885953773,0.8384291780551506,0.5345545645214633,0.8147194672805822,False
169,PCM-A,2.0,1.0,0.05,1.0,30,10/10,10,10,0.9135775411206606,0.5,0.7032494843961279,0.5658408111019664,70.18172352368815,89.13514601141082,83.62240476270973,8.98878755389392,0.14230036600379165,0.7773381315157453,0.3929183484865551,0.8299641237375558,False
170,PCM-A,2.0,1.0,0.05,1.0,30,15/15,15,15,0.9135775411206606,0.5,0.7032494843961279,0.5810030569651563,70.18172352368815,89.07532803006502,83.62240476270973,8.980448318669165,0.1500286898679363,0.7773381315157453,0.39600967803221293,0.8290649951608312,False
171,PCM-A,2.0,1.0,0.05,1.0,30,20/20,20,20,0.9135775411206606,0.5,0.7032494843961279,0.5926112507427361,70.18172352368815,89.03014056084855,83.62240476270973,8.974063812091496,0.15608359755860893,0.7773381315157453,0.398431641108482,0.8283777443356959,False
172,PCM-A,2.0,1.0,0.05,1.0,30,continuous,20,0,0.9135775411206606,1.0,0.7032494843961279,0.781889168152139,70.18172352368815,88.36275452219694,83.62240476270973,8.869960957516325,0.2717114094549528,0.7773381315157453,0.5421827658670196,0.8172994788320351,False
173,PCM-A,2.0,1.0,0.05,1.0,40,10/10,10,10,0.9501385787369497,0.5,0.7120742129265218,0.6190109673359654,70.41504215294819,89.00630112831774,83.8752055395692,8.559543967965219,0.1702998123032034,0.7431427964275437,0.4211756197780953,0.8225562522874478,False
174,PCM-A,2.0,1.0,0.05,1.0,40,15/15,15,15,0.9501385787369497,0.5,0.7120742129265218,0.6347800007091366,70.41504215294819,88.94732851649438,83.8752055395692,8.550870999609975,0.17908695524457402,0.7431427964275437,0.4246904769546436,0.8216271011595753,False
175,PCM-A,2.0,1.0,0.05,1.0,40,20/20,20,20,0.9501385787369497,0.5,0.7120742129265218,0.6468527501377219,70.41504215294819,88.90280352464869,83.8752055395692,8.544230987424253,0.18596376904921516,0.7431427964275437,0.4274412024765,0.8209168931973162,False
176,PCM-A,2.0,1.0,0.05,1.0,40,continuous,20,0,0.9501385787369497,1.0,0.7120742129265218,0.8437055002754439,70.3276311523973,88.21891474140376,83.84898223940394,8.435961974848507,0.3163728760866832,0.7431427964275437,0.5771048452914873,0.8091317906456661,False
177,PCM-A,2.0,1.0,0.05,2.0,10,10/10,10,10,0.740372585328781,0.5,0.6614430474174015,0.5352710605988934,69.06199970487074,88.88903382113733,82.42046283810512,9.005600916670609,0.12734004813985078,0.9497886452273365,0.41949338572868805,0.8205374315884926,False
178,PCM-A,2.0,1.0,0.05,2.0,10,15/15,15,15,0.740372585328781,0.5,0.6614430474174015,0.5465779944084037,69.06199970487074,88.84295252714193,82.42046283810512,8.999382103075378,0.13277666843178357,0.9497886452273365,0.4216680338454611,0.8198642140961823,False
179,PCM-A,2.0,1.0,0.05,2.0,10,20/20,20,20,0.740372585328781,0.5,0.6614430474174015,0.5552345667839851,69.06199970487074,88.80802323353744,82.42046283810512,8.994620988268808,0.13701574406746647,0.9497886452273365,0.4233636640997343,0.8193494446274283,False
180,PCM-A,2.0,1.0,0.05,2.0,10,continuous,20,0,0.740372585328781,1.0,0.6614430474174015,0.6963846907867765,69.06199970487074,88.27914693961152,82.42046283810512,8.916988420067273,0.215534061138753,0.9497886452273365,0.5522709909282488,0.8110306715933341,False
181,PCM-A,2.0,1.0,0.05,2.0,20,10/10,10,10,0.8502080123358642,0.5,0.6879539970389618,0.5103071938758392,69.77484419065634,89.22787655296884,83.18349331887622,9.01933104336829,0.11573930316508148,0.8384291780551506,0.3912180582436808,0.8291685326538106,False
182,PCM-A,2.0,1.0,0.05,2.0,20,15/15,15,15,0.8502080123358642,0.5,0.6879539970389618,0.523291528939418,69.77484419065634,89.17366676683586,83.18349331887622,9.01218965908332,0.12170401078211278,0.8384291780551506,0.3936039412904933,0.8283930645381706,False
183,PCM-A,2.0,1.0,0.05,2.0,20,20/20,20,20,0.8502080123358642,0.5,0.6879539970389618,0.5332323173193879,69.77484419065634,89.13263696507832,83.18349331887622,9.006722225474338,0.1263718685483575,0.8384291780551506,0.39547108439699125,0.8278002378212587,False
184,PCM-A,2.0,1.0,0.05,2.0,20,continuous,20,0,0.8502080123358642,1.0,0.6879539970389618,0.6953222822200763,69.77484419065634,88.51809400047422,83.18349331887622,8.917572744778958,0.21487692273410466,0.8384291780551506,0.52837310607129,0.8182341008730021,False
185,PCM-A,2.0,1.0,0.05,2.0,30,10/10,10,10,0.9135775411206606,0.5,0.7032494843961279,0.5206797265955921,70.18172352368815,89.31878477979258,83.62240476270973,9.013626150372424,0.12049216786118247,0.7773381315157453,0.3935700692295115,0.8326522621238693,False
186,PCM-A,2.0,1.0,0.05,2.0,30,15/15,15,15,0.9135775411206606,0.5,0.7032494843961279,0.5346318379946376,70.18172352368815,89.26116341996946,83.62240476270973,9.00595248910295,0.12703608986556644,0.7773381315157453,0.39618763803126505,0.8318201523417732,False
187,PCM-A,2.0,1.0,0.05,2.0,30,20/20,20,20,0.9135775411206606,0.5,0.7032494843961279,0.5453135545548271,70.18172352368815,89.21758876147742,83.62240476270973,9.000077544994845,0.13216305456943128,0.7773381315157453,0.398238423912811,0.8311840841980668,False
188,PCM-A,2.0,1.0,0.05,2.0,30,continuous,20,0,0.9135775411206606,1.0,0.7032494843961279,0.7194847566909547,70.18172352368815,88.56899057778898,83.62240476270973,8.904283383819976,0.23007036227139657,0.7773381315157453,0.534901346993597,0.8209265619526466,False
189,PCM-A,2.0,1.0,0.05,2.0,40,10/10,10,10,0.9501385787369497,0.5,0.7120742129265218,0.5696062477439132,70.41504215294819,89.19720102670986,83.8752055395692,8.586716563740849,0.14420056776395565,0.7431427964275437,0.42011092196239624,0.8254785955810191,False
190,PCM-A,2.0,1.0,0.05,2.0,40,15/15,15,15,0.9501385787369497,0.5,0.7120742129265218,0.584116717516197,70.41504215294819,89.14015103781712,83.8752055395692,8.578735805366092,0.15164103985862074,0.7431427964275437,0.42308711080026223,0.8246184794072138,False
191,PCM-A,2.0,1.0,0.05,2.0,40,20/20,20,20,0.9501385787369497,0.5,0.7120742129265218,0.5952259124494697,70.41504215294819,89.0970297361125,83.8752055395692,8.572625748152792,0.15746394971169053,0.7431427964275437,0.4254162747414902,0.8239609988954899,False
192,PCM-A,2.0,1.0,0.05,2.0,40,continuous,20,0,0.9501385787369497,1.0,0.7120742129265218,0.7763673821177456,70.41504215294819,88.45748368418705,83.8752055395692,8.47299793983524,0.2678872497850496,0.7431427964275437,0.5670855947708338,0.8133573905564505,False
193,PCM-A,2.0,1.0,0.1,0.5,10,10/10,10,10,0.740372585328781,0.5,0.5758196175175236,0.6321511944428946,68.10872139521983,88.1960093278763,82.13447934520985,8.952316843056408,0.1776067256158126,1.3568645598986435,0.5581455994138909,0.7996841971543758,False
194,PCM-A,2.0,1.0,0.1,0.5,10,15/15,15,15,0.740372585328781,0.5,0.5758196175175236,0.6455046002951956,68.10872139521983,88.14666310854088,82.13447934520985,8.944972469837642,0.18518941733433789,1.3568645598986435,0.561178676101301,0.7988984710657037,False
195,PCM-A,2.0,1.0,0.1,0.5,10,20/20,20,20,0.740372585328781,0.5,0.5758196175175236,0.6557279487438908,68.10872139521983,88.10932657131953,82.13447934520985,8.939349628190861,0.191101841228387,1.3568645598986435,0.5635436456589207,0.798297735152815,False
196,PCM-A,2.0,1.0,0.1,0.5,10,continuous,20,0,0.740372585328781,1.0,0.5758196175175236,0.8224252093510557,68.06387097651772,87.53663109031089,82.12102421959924,8.84766613485692,0.3006147666560568,1.3568645598986435,0.7048488158299886,0.7884239967906753,False
197,PCM-A,2.0,1.0,0.1,0.5,20,10/10,10,10,0.8502080123358642,0.5,0.5988987396440882,0.6026690510420627,68.8159533937254,88.54070610028644,82.89582607979693,8.968532021926865,0.16142666003730685,1.2400122129890536,0.5262808221714199,0.8080838420374205,False
198,PCM-A,2.0,1.0,0.1,0.5,20,15/15,15,15,0.8502080123358642,0.5,0.5988987396440882,0.6180034554656914,68.8159533937254,88.48240140349665,82.89582607979693,8.960098099493871,0.16974589820779323,1.2400122129890536,0.5296085174396145,0.8071785385432491,False
199,PCM-A,2.0,1.0,0.1,0.5,20,20/20,20,20,0.8502080123358642,0.5,0.5988987396440882,0.6297434535912597,68.8159533937254,88.4383637912711,82.89582607979693,8.953641100524807,0.1762563632626876,1.2400122129890536,0.5322127034615722,0.8064865441809685,False
200,PCM-A,2.0,1.0,0.1,0.5,20,continuous,20,0,0.8502080123358642,1.0,0.5988987396440882,0.8211705126303428,68.77361236846471,87.77470705863438,82.88312377221872,8.848356218053311,0.29969822702825777,1.2400122129890536,0.6790894489678002,0.7951665687656725,False
201,PCM-A,2.0,1.0,0.1,0.5,30,10/10,10,10,0.9135775411206606,0.5,0.6122142347787578,0.6149189360645286,69.22023599175962,88.6274709422314,83.33395850313119,8.96179458516451,0.16805568796921416,1.1749874209998663,0.5281244999076429,0.8111889034264497,False
202,PCM-A,2.0,1.0,0.1,0.5,30,15/15,15,15,0.9135775411206606,0.5,0.6122142347787578,0.6313962772382485,69.22023599175962,88.56561859614995,83.33395850313119,8.952732047518964,0.17718278173791965,1.1749874209998663,0.5317753374151251,0.810217592305191,False
203,PCM-A,2.0,1.0,0.1,0.5,30,20/20,20,20,0.9135775411206606,0.5,0.6122142347787578,0.6440113061073026,69.22023599175962,88.5189485822067,83.33395850313119,8.945793781640985,0.18433358328623728,1.1749874209998663,0.5346356580344521,0.8094752165571514,False
204,PCM-A,2.0,1.0,0.1,0.5,30,continuous,20,0,0.9135775411206606,1.0,0.6122142347787578,0.8497062176624287,69.12082355643477,87.8026553950947,83.30413477253373,8.832661580285665,0.32088918059297367,1.1749874209998663,0.6867578969571467,0.7971315769995035,False
205,PCM-A,2.0,1.0,0.1,0.5,40,10/10,10,10,0.9501385787369497,0.5,0.6198966071718277,0.6727007984899726,69.45226149419315,88.49154523752502,83.58637134194268,8.530014560830516,0.20112282857290964,1.1382679891610983,0.5576011379607153,0.803370960138995,False
206,PCM-A,2.0,1.0,0.1,0.5,40,15/15,15,15,0.9501385787369497,0.5,0.6198966071718277,0.6898375568049346,69.45226149419315,88.43084916620744,83.58637134194268,8.520589343757287,0.21150037990160064,1.1382679891610983,0.5617521584921916,0.8023674596160489,False
207,PCM-A,2.0,1.0,0.1,0.5,40,20/20,20,20,0.9501385787369497,0.5,0.6198966071718277,0.7029574344955197,69.45226149419315,88.38507827679749,83.58637134194268,8.513373411027464,0.21962184653889907,1.1382679891610983,0.5650007451471111,0.8016004652513463,False
208,PCM-A,2.0,1.0,0.1,0.5,40,continuous,20,0,0.9501385787369497,1.0,0.6198966071718277,0.9168841808543134,69.21849313248453,87.6404415695323,83.5162408334301,8.395713700530129,0.37363404493372676,1.1382679891610983,0.7241056245050422,0.7883424158001754,False
209,PCM-A,2.0,1.0,0.1,1.0,10,10/10,10,10,0.740372585328781,0.5,0.5758196175175236,0.5816977224541158,68.10872139521983,88.3885184071901,82.13447934520985,8.980066252650238,0.1503876623592469,1.3568645598986435,0.5496017241112647,0.8026640798139052,False
210,PCM-A,2.0,1.0,0.1,1.0,10,15/15,15,15,0.740372585328781,0.5,0.5758196175175236,0.5939853616131852,68.10872139521983,88.34073546543465,82.13447934520985,8.973308051112749,0.15680827102699837,1.3568645598986435,0.5521699675783653,0.8019366940757182,False
211,PCM-A,2.0,1.0,0.1,1.0,10,20/20,20,20,0.740372585328781,0.5,0.5758196175175236,0.6033927606037095,68.10872139521983,88.30454769307269,82.13447934520985,8.968133981667961,0.16181458824398465,1.3568645598986435,0.5541724944651598,0.8013805349879066,False
212,PCM-A,2.0,1.0,0.1,1.0,10,continuous,20,0,0.740372585328781,1.0,0.5758196175175236,0.756785521207419,68.10872139521983,87.760083107494,82.13447934520985,8.88376796333592,0.2545441444929711,1.3568645598986435,0.6887643169647545,0.7923959563649442,False
213,PCM-A,2.0,1.0,0.1,1.0,20,10/10,10,10,0.8502080123358642,0.5,0.5988987396440882,0.5545686181827186,68.8159533937254,88.72950433260763,82.89582607979693,8.994987259999505,0.13668726767692888,1.2400122129890536,0.5187288152272688,0.8109344414448022,False
214,PCM-A,2.0,1.0,0.1,1.0,20,15/15,15,15,0.8502080123358642,0.5,0.5988987396440882,0.5686791477630292,68.8159533937254,88.67317497438755,82.89582607979693,8.987226468730334,0.14373154360021564,1.2400122129890536,0.5215465255965835,0.8100964646522784,False
215,PCM-A,2.0,1.0,0.1,1.0,20,20/20,20,20,0.8502080123358642,0.5,0.5988987396440882,0.5794821490565364,68.8159533937254,88.63058331877653,82.89582607979693,8.981284818018906,0.1492442493667475,1.2400122129890536,0.5237516079031962,0.8094558934146384,False
216,PCM-A,2.0,1.0,0.1,1.0,20,continuous,20,0,0.8502080123358642,1.0,0.5988987396440882,0.7556309647797396,68.8159533937254,87.99726365681396,82.89582607979693,8.884402969371145,0.25376806885953773,1.2400122129890536,0.6630611357003123,0.7991235660013041,False
217,PCM-A,2.0,1.0,0.1,1.0,30,10/10,10,10,0.9135775411206606,0.5,0.6122142347787578,0.5658408111019664,69.22023599175962,88.81785512587442,83.33395850313119,8.98878755389392,0.14230036600379165,1.1749874209998663,0.5201661211214739,0.8140933013849044,False
218,PCM-A,2.0,1.0,0.1,1.0,30,15/15,15,15,0.9135775411206606,0.5,0.6122142347787578,0.5810030569651563,69.22023599175962,88.75803714452861,83.33395850313119,8.980448318669165,0.1500286898679363,1.1749874209998663,0.5232574506671318,0.8131941728081798,False
219,PCM-A,2.0,1.0,0.1,1.0,30,20/20,20,20,0.9135775411206606,0.5,0.6122142347787578,0.5926112507427361,69.22023599175962,88.71284967531214,83.33395850313119,8.974063812091496,0.15608359755860893,1.1749874209998663,0.5256794137434008,0.8125069219830445,False
220,PCM-A,2.0,1.0,0.1,1.0,30,continuous,20,0,0.9135775411206606,1.0,0.6122142347787578,0.781889168152139,69.22023599175962,88.04546363666053,83.33395850313119,8.869960957516325,0.2717114094549528,1.1749874209998663,0.6694305385019385,0.8014286564793837,False
221,PCM-A,2.0,1.0,0.1,1.0,40,10/10,10,10,0.9501385787369497,0.5,0.6198966071718277,0.6190109673359654,69.45226149419315,88.6885835109286,83.58637134194268,8.559543967965219,0.1702998123032034,1.1382679891610983,0.5476156814528329,0.8065276009617536,False
222,PCM-A,2.0,1.0,0.1,1.0,40,15/15,15,15,0.9501385787369497,0.5,0.6198966071718277,0.6347800007091366,69.45226149419315,88.62961089910523,83.58637134194268,8.550870999609975,0.17908695524457402,1.1382679891610983,0.5511305386293811,0.8055984498338811,False
223,PCM-A,2.0,1.0,0.1,1.0,40,20/20,20,20,0.9501385787369497,0.5,0.6198966071718277,0.6468527501377219,69.45226149419315,88.58508590725954,83.58637134194268,8.544230987424253,0.18596376904921516,1.1382679891610983,0.5538812641512376,0.8048882418716221,False
224,PCM-A,2.0,1.0,0.1,1.0,40,continuous,20,0,0.9501385787369497,1.0,0.6198966071718277,0.8437055002754439,69.36485049364227,87.90119712401462,83.56014804177742,8.435961974848507,0.3163728760866832,1.1382679891610983,0.7035449069662248,0.793103139319972,False
225,PCM-A,2.0,1.0,0.1,2.0,10,10/10,10,10,0.740372585328781,0.5,0.5758196175175236,0.5352710605988934,68.10872139521983,88.57445197895254,82.13447934520985,9.005600916670609,0.12734004813985078,1.3568645598986435,0.5497576784235062,0.8054223029711096,False
226,PCM-A,2.0,1.0,0.1,2.0,10,15/15,15,15,0.740372585328781,0.5,0.5758196175175236,0.5465779944084037,68.10872139521983,88.52837068495712,82.13447934520985,8.999382103075378,0.13277666843178357,1.3568645598986435,0.5519323265402793,0.8047490854787994,False
227,PCM-A,2.0,1.0,0.1,2.0,10,20/20,20,20,0.740372585328781,0.5,0.5758196175175236,0.5552345667839851,68.10872139521983,88.49344139135263,82.13447934520985,8.994620988268808,0.13701574406746647,1.3568645598986435,0.5536279567945525,0.8042343160100454,False
228,PCM-A,2.0,1.0,0.1,2.0,10,continuous,20,0,0.740372585328781,1.0,0.5758196175175236,0.6963846907867765,68.10872139521983,87.96456509742671,82.13447934520985,8.916988420067273,0.215534061138753,1.3568645598986435,0.6825352836230671,0.7959155429759511,False
229,PCM-A,2.0,1.0,0.1,2.0,20,10/10,10,10,0.8502080123358642,0.5,0.5988987396440882,0.5103071938758392,68.8159533937254,88.91144258998163,82.89582607979693,9.01933104336829,0.11573930316508148,1.2400122129890536,0.5197246294225297,0.8135726313745328,False
230,PCM-A,2.0,1.0,0.1,2.0,20,15/15,15,15,0.8502080123358642,0.5,0.5988987396440882,0.523291528939418,68.8159533937254,88.85723280384866,82.89582607979693,9.01218965908332,0.12170401078211278,1.2400122129890536,0.5221105124693423,0.8127971632588928,False
231,PCM-A,2.0,1.0,0.1,2.0,20,20/20,20,20,0.8502080123358642,0.5,0.5988987396440882,0.5332323173193879,68.8159533937254,88.81620300209111,82.89582607979693,9.006722225474338,0.1263718685483575,1.2400122129890536,0.5239776555758402,0.8122043365419807,False
232,PCM-A,2.0,1.0,0.1,2.0,20,continuous,20,0,0.8502080123358642,1.0,0.5988987396440882,0.6953222822200763,68.8159533937254,88.20166003748702,82.89582607979693,8.917572744778958,0.21487692273410466,1.2400122129890536,0.6568796772501391,0.8026381995937241,False
233,PCM-A,2.0,1.0,0.1,2.0,30,10/10,10,10,0.9135775411206606,0.5,0.6122142347787578,0.5206797265955921,69.22023599175962,89.00149389425617,83.33395850313119,9.013626150372424,0.12049216786118247,1.1749874209998663,0.5208178418644301,0.8167814397712178,False
234,PCM-A,2.0,1.0,0.1,2.0,30,15/15,15,15,0.9135775411206606,0.5,0.6122142347787578,0.5346318379946376,69.22023599175962,88.94387253443305,83.33395850313119,9.00595248910295,0.12703608986556644,1.1749874209998663,0.5234354106661837,0.8159493299891218,False
235,PCM-A,2.0,1.0,0.1,2.0,30,20/20,20,20,0.9135775411206606,0.5,0.6122142347787578,0.5453135545548271,69.22023599175962,88.900297875941,83.33395850313119,9.000077544994845,0.13216305456943128,1.1749874209998663,0.5254861965477297,0.8153132618454153,False
236,PCM-A,2.0,1.0,0.1,2.0,30,continuous,20,0,0.9135775411206606,1.0,0.6122142347787578,0.7194847566909547,69.22023599175962,88.25169969225257,83.33395850313119,8.904283383819976,0.23007036227139657,1.1749874209998663,0.6621491196285159,0.8050557395999951,False
237,PCM-A,2.0,1.0,0.1,2.0,40,10/10,10,10,0.9501385787369497,0.5,0.6198966071718277,0.5696062477439132,69.45226149419315,88.87948340932071,83.58637134194268,8.586716563740849,0.14420056776395565,1.1382679891610983,0.5465509836371337,0.809449944255325,False
238,PCM-A,2.0,1.0,0.1,2.0,40,15/15,15,15,0.9501385787369497,0.5,0.6198966071718277,0.584116717516197,69.45226149419315,88.82243342042797,83.58637134194268,8.578735805366092,0.15164103985862074,1.1382679891610983,0.5495271724749997,0.8085898280815196,False
239,PCM-A,2.0,1.0,0.1,2.0,40,20/20,20,20,0.9501385787369497,0.5,0.6198966071718277,0.5952259124494697,69.45226149419315,88.77931211872335,83.58637134194268,8.572625748152792,0.15746394971169053,1.1382679891610983,0.5518563364162277,0.8079323475697958,False
240,PCM-A,2.0,1.0,0.1,2.0,40,continuous,20,0,0.9501385787369497,1.0,0.6198966071718277,0.7763673821177456,69.45226149419315,88.1397660667979,83.58637134194268,8.47299793983524,0.2678872497850496,1.1382679891610983,0.6935256564455713,0.7973287392307563,False
241,PCM-A,2.0,1.0,0.3,0.5,10,10/10,10,10,0.740372585328781,0.5,0.46223433905819566,0.6321511944428946,66.66151466827426,87.71843110798426,81.70031732712619,8.952316843056408,0.1776067256158126,1.5,0.603948940246325,0.7789323578223826,False
242,PCM-A,2.0,1.0,0.3,0.5,10,15/15,15,15,0.740372585328781,0.5,0.46223433905819566,0.6455046002951956,66.66151466827426,87.66908488864884,81.70031732712619,8.944972469837642,0.18518941733433789,1.5,0.6069820169337351,0.7781466317337105,False
243,PCM-A,2.0,1.0,0.3,0.5,10,20/20,20,20,0.740372585328781,0.5,0.46223433905819566,0.6557279487438908,66.66151466827426,87.63174835142749,81.70031732712619,8.939349628190861,0.191101841228387,1.5,0.6093469864913548,0.777545895820822,False
244,PCM-A,2.0,1.0,0.3,0.5,10,continuous,20,0,0.740372585328781,1.0,0.46223433905819566,0.8224252093510557,66.61666424957215,87.05905287041885,81.68686220151554,8.84766613485692,0.3006147666560568,1.5,0.7506521566624227,0.7676721574586821,False
245,PCM-A,2.0,1.0,0.3,0.5,20,10/10,10,10,0.8502080123358642,0.5,0.48076090959812917,0.6026690510420627,67.3523087971265,88.0577033834088,82.45673270081727,8.968532021926865,0.16142666003730685,1.5,0.6094769140149227,0.7866597262863327,False
246,PCM-A,2.0,1.0,0.3,0.5,20,15/15,15,15,0.8502080123358642,0.5,0.48076090959812917,0.6180034554656914,67.3523087971265,87.99939868661902,82.45673270081727,8.960098099493871,0.16974589820779323,1.5,0.6128046092831172,0.7857544227921613,False
247,PCM-A,2.0,1.0,0.3,0.5,20,20/20,20,20,0.8502080123358642,0.5,0.48076090959812917,0.6297434535912597,67.3523087971265,87.95536107439347,82.45673270081727,8.953641100524807,0.1762563632626876,1.5,0.615408795305075,0.7850624284298809,False
248,PCM-A,2.0,1.0,0.3,0.5,20,continuous,20,0,0.8502080123358642,1.0,0.48076090959812917,0.8211705126303428,67.30996777186581,87.29170434175674,82.44403039323906,8.848356218053311,0.29969822702825777,1.5,0.7622855408113031,0.773742453014585,False
249,PCM-A,2.0,1.0,0.3,0.5,30,10/10,10,10,0.9135775411206606,0.5,0.49144981095814466,0.6149189360645286,67.74802693880633,88.1416419547568,82.8922957872452,8.96179458516451,0.16805568796921416,1.5,0.6321285251876856,0.7893804449917046,False
250,PCM-A,2.0,1.0,0.3,0.5,30,15/15,15,15,0.9135775411206606,0.5,0.49144981095814466,0.6313962772382485,67.74802693880633,88.07978960867536,82.8922957872452,8.952732047518964,0.17718278173791965,1.5,0.6357793626951678,0.7884091338704462,False
251,PCM-A,2.0,1.0,0.3,0.5,30,20/20,20,20,0.9135775411206606,0.5,0.49144981095814466,0.6440113061073026,67.74802693880633,88.03311959473211,82.8922957872452,8.945793781640985,0.18433358328623728,1.5,0.6386396833144948,0.7876667581224066,False
252,PCM-A,2.0,1.0,0.3,0.5,30,continuous,20,0,0.9135775411206606,1.0,0.49144981095814466,0.8497062176624287,67.64861450348148,87.31682640762011,82.86247205664775,8.832661580285665,0.32088918059297367,1.5,0.7907619222371894,0.7753231185647588,False
253,PCM-A,2.0,1.0,0.3,0.5,40,10/10,10,10,0.9501385787369497,0.5,0.4976167705709812,0.6727007984899726,67.97540755216271,88.00418343665497,83.14331515933355,8.530014560830516,0.20112282857290964,1.5,0.6733553814291638,0.7813418922688398,False
254,PCM-A,2.0,1.0,0.3,0.5,40,15/15,15,15,0.9501385787369497,0.5,0.4976167705709812,0.6898375568049346,67.97540755216271,87.94348736533739,83.14331515933355,8.520589343757287,0.21150037990160064,1.5,0.6775064019606403,0.7803383917458937,False
255,PCM-A,2.0,1.0,0.3,0.5,40,20/20,20,20,0.9501385787369497,0.5,0.4976167705709812,0.7029574344955197,67.97540755216271,87.89771647592744,83.14331515933355,8.513373411027464,0.21962184653889907,1.5,0.6807549886155596,0.7795713973811911,False
256,PCM-A,2.0,1.0,0.3,0.5,40,continuous,20,0,0.9501385787369497,1.0,0.4976167705709812,0.9168841808543134,67.74163919045408,87.15307976866225,83.07318465082096,8.395713700530129,0.37363404493372676,1.5,0.8398598679734907,0.7663133479300203,False
257,PCM-A,2.0,1.0,0.3,1.0,10,10/10,10,10,0.740372585328781,0.5,0.46223433905819566,0.5816977224541158,66.66151466827426,87.91094018729805,81.70031732712619,8.980066252650238,0.1503876623592469,1.5,0.5954050649436987,0.7819122404819121,False
258,PCM-A,2.0,1.0,0.3,1.0,10,15/15,15,15,0.740372585328781,0.5,0.46223433905819566,0.5939853616131852,66.66151466827426,87.86315724554262,81.70031732712619,8.973308051112749,0.15680827102699837,1.5,0.5979733084107993,0.7811848547437252,False
259,PCM-A,2.0,1.0,0.3,1.0,10,20/20,20,20,0.740372585328781,0.5,0.46223433905819566,0.6033927606037095,66.66151466827426,87.82696947318065,81.70031732712619,8.968133981667961,0.16181458824398465,1.5,0.5999758352975939,0.7806286956559136,False
260,PCM-A,2.0,1.0,0.3,1.0,10,continuous,20,0,0.740372585328781,1.0,0.46223433905819566,0.756785521207419,66.66151466827426,87.28250488760196,81.70031732712619,8.88376796333592,0.2545441444929711,1.5,0.7345676577971885,0.7716441170329509,False
261,PCM-A,2.0,1.0,0.3,1.0,20,10/10,10,10,0.8502080123358642,0.5,0.48076090959812917,0.5545686181827186,67.3523087971265,88.24650161573,82.45673270081727,8.994987259999505,0.13668726767692888,1.5,0.6019249070707715,0.7895103256937144,False
262,PCM-A,2.0,1.0,0.3,1.0,20,15/15,15,15,0.8502080123358642,0.5,0.48076090959812917,0.5686791477630292,67.3523087971265,88.19017225750991,82.45673270081727,8.987226468730334,0.14373154360021564,1.5,0.6047426174400863,0.7886723489011908,False
263,PCM-A,2.0,1.0,0.3,1.0,20,20/20,20,20,0.8502080123358642,0.5,0.48076090959812917,0.5794821490565364,67.3523087971265,88.1475806018989,82.45673270081727,8.981284818018906,0.1492442493667475,1.5,0.606947699746699,0.7880317776635506,False
264,PCM-A,2.0,1.0,0.3,1.0,20,continuous,20,0,0.8502080123358642,1.0,0.48076090959812917,0.7556309647797396,67.3523087971265,87.51426093993632,82.45673270081727,8.884402969371145,0.25376806885953773,1.5,0.7462572275438152,0.7776994502502165,False
265,PCM-A,2.0,1.0,0.3,1.0,30,10/10,10,10,0.9135775411206606,0.5,0.49144981095814466,0.5658408111019664,67.74802693880633,88.33202613839983,82.8922957872452,8.98878755389392,0.14230036600379165,1.5,0.6241701464015167,0.7922848429501594,False
266,PCM-A,2.0,1.0,0.3,1.0,30,15/15,15,15,0.9135775411206606,0.5,0.49144981095814466,0.5810030569651563,67.74802693880633,88.27220815705402,82.8922957872452,8.980448318669165,0.1500286898679363,1.5,0.6272614759471745,0.7913857143734351,False
267,PCM-A,2.0,1.0,0.3,1.0,30,20/20,20,20,0.9135775411206606,0.5,0.49144981095814466,0.5926112507427361,67.74802693880633,88.22702068783755,82.8922957872452,8.974063812091496,0.15608359755860893,1.5,0.6296834390234436,0.7906984635482998,False
268,PCM-A,2.0,1.0,0.3,1.0,30,continuous,20,0,0.9135775411206606,1.0,0.49144981095814466,0.781889168152139,67.74802693880633,87.55963464918594,82.8922957872452,8.869960957516325,0.2717114094549528,1.5,0.7734345637819812,0.7796201980446388,False
269,PCM-A,2.0,1.0,0.3,1.0,40,10/10,10,10,0.9501385787369497,0.5,0.4976167705709812,0.6190109673359654,67.97540755216271,88.20122171005855,83.14331515933355,8.559543967965219,0.1702998123032034,1.5,0.6633699249212814,0.7844985330915984,False
270,PCM-A,2.0,1.0,0.3,1.0,40,15/15,15,15,0.9501385787369497,0.5,0.4976167705709812,0.6347800007091366,67.97540755216271,88.14224909823518,83.14331515933355,8.550870999609975,0.17908695524457402,1.5,0.6668847820978296,0.7835693819637258,False
271,PCM-A,2.0,1.0,0.3,1.0,40,20/20,20,20,0.9501385787369497,0.5,0.4976167705709812,0.6468527501377219,67.97540755216271,88.09772410638949,83.14331515933355,8.544230987424253,0.18596376904921516,1.5,0.6696355076196862,0.7828591740014669,False
272,PCM-A,2.0,1.0,0.3,1.0,40,continuous,20,0,0.9501385787369497,1.0,0.4976167705709812,0.8437055002754439,67.88799655161182,87.41383532314457,83.11709185916828,8.435961974848507,0.3163728760866832,1.5,0.8192991504346734,0.7710740714498168,False
273,PCM-A,2.0,1.0,0.3,2.0,10,10/10,10,10,0.740372585328781,0.5,0.46223433905819566,0.5352710605988934,66.66151466827426,88.09687375906049,81.70031732712619,9.005600916670609,0.12734004813985078,1.5,0.5955610192559402,0.7846704636391166,False
274,PCM-A,2.0,1.0,0.3,2.0,10,15/15,15,15,0.740372585328781,0.5,0.46223433905819566,0.5465779944084037,66.66151466827426,88.05079246506509,81.70031732712619,8.999382103075378,0.13277666843178357,1.5,0.5977356673727133,0.7839972461468063,False
275,PCM-A,2.0,1.0,0.3,2.0,10,20/20,20,20,0.740372585328781,0.5,0.46223433905819566,0.5552345667839851,66.66151466827426,88.0158631714606,81.70031732712619,8.994620988268808,0.13701574406746647,1.5,0.5994312976269865,0.7834824766780523,False
276,PCM-A,2.0,1.0,0.3,2.0,10,continuous,20,0,0.740372585328781,1.0,0.46223433905819566,0.6963846907867765,66.66151466827426,87.48698687753468,81.70031732712619,8.916988420067273,0.215534061138753,1.5,0.7283386244555011,0.7751637036439579,False
277,PCM-A,2.0,1.0,0.3,2.0,20,10/10,10,10,0.8502080123358642,0.5,0.48076090959812917,0.5103071938758392,67.3523087971265,88.428439873104,82.45673270081727,9.01933104336829,0.11573930316508148,1.5,0.6029207212660326,0.792148515623445,False
278,PCM-A,2.0,1.0,0.3,2.0,20,15/15,15,15,0.8502080123358642,0.5,0.48076090959812917,0.523291528939418,67.3523087971265,88.37423008697102,82.45673270081727,9.01218965908332,0.12170401078211278,1.5,0.605306604312845,0.791373047507805,False
279,PCM-A,2.0,1.0,0.3,2.0,20,20/20,20,20,0.8502080123358642,0.5,0.48076090959812917,0.5332323173193879,67.3523087971265,88.33320028521348,82.45673270081727,9.006722225474338,0.1263718685483575,1.5,0.6071737474193429,0.790780220790893,False
280,PCM-A,2.0,1.0,0.3,2.0,20,continuous,20,0,0.8502080123358642,1.0,0.48076090959812917,0.6953222822200763,67.3523087971265,87.71865732060938,82.45673270081727,8.917572744778958,0.21487692273410466,1.5,0.7400757690936418,0.7812140838426364,False
281,PCM-A,2.0,1.0,0.3,2.0,30,10/10,10,10,0.9135775411206606,0.5,0.49144981095814466,0.5206797265955921,67.74802693880633,88.51566490678158,82.8922957872452,9.013626150372424,0.12049216786118247,1.5,0.624821867144473,0.794972981336473,False
282,PCM-A,2.0,1.0,0.3,2.0,30,15/15,15,15,0.9135775411206606,0.5,0.49144981095814466,0.5346318379946376,67.74802693880633,88.45804354695846,82.8922957872452,9.00595248910295,0.12703608986556644,1.5,0.6274394359462265,0.794140871554377,False
283,PCM-A,2.0,1.0,0.3,2.0,30,20/20,20,20,0.9135775411206606,0.5,0.49144981095814466,0.5453135545548271,67.74802693880633,88.41446888846642,82.8922957872452,9.000077544994845,0.13216305456943128,1.5,0.6294902218277725,0.7935048034106705,False
284,PCM-A,2.0,1.0,0.3,2.0,30,continuous,20,0,0.9135775411206606,1.0,0.49144981095814466,0.7194847566909547,67.74802693880633,87.76587070477798,82.8922957872452,8.904283383819976,0.23007036227139657,1.5,0.7661531449085586,0.7832472811652502,False
285,PCM-A,2.0,1.0,0.3,2.0,40,10/10,10,10,0.9501385787369497,0.5,0.4976167705709812,0.5696062477439132,67.97540755216271,88.39212160845067,83.14331515933355,8.586716563740849,0.14420056776395565,1.5,0.6623052271055823,0.7874208763851698,False
286,PCM-A,2.0,1.0,0.3,2.0,40,15/15,15,15,0.9501385787369497,0.5,0.4976167705709812,0.584116717516197,67.97540755216271,88.33507161955792,83.14331515933355,8.578735805366092,0.15164103985862074,1.5,0.6652814159434483,0.7865607602113645,False
287,PCM-A,2.0,1.0,0.3,2.0,40,20/20,20,20,0.9501385787369497,0.5,0.4976167705709812,0.5952259124494697,67.97540755216271,88.2919503178533,83.14331515933355,8.572625748152792,0.15746394971169053,1.5,0.6676105798846762,0.7859032796996405,False
288,PCM-A,2.0,1.0,0.3,2.0,40,continuous,20,0,0.9501385787369497,1.0,0.4976167705709812,0.7763673821177456,67.97540755216271,87.65240426592786,83.14331515933355,8.47299793983524,0.2678872497850496,1.5,0.8092798999140198,0.775299671360601,False
289,PCM-A,2.0,2.0,0.05,0.5,10,10/10,10,10,0.740372585328781,0.5,0.8849628790614383,0.6321511944428946,71.08838888884097,89.17929960077127,83.0283795932962,8.952316843056408,0.1776067256158126,0.22835043645207717,0.20639607991098974,0.852484382708053,True
290,PCM-A,2.0,2.0,0.05,0.5,10,15/15,15,15,0.740372585328781,0.5,0.8849628790614383,0.6455046002951956,71.08838888884097,89.12995338143585,83.0283795932962,8.944972469837642,0.18518941733433789,0.22835043645207717,0.20942915659839986,0.8516986566193812,True
291,PCM-A,2.0,2.0,0.05,0.5,10,20/20,20,20,0.740372585328781,0.5,0.8849628790614383,0.6557279487438908,71.08838888884097,89.0926168442145,83.0283795932962,8.939349628190861,0.191101841228387,0.22835043645207717,0.2117941261560195,0.8510979207064925,True
292,PCM-A,2.0,2.0,0.05,0.5,10,continuous,20,0,0.740372585328781,1.0,0.8849628790614383,0.8224252093510557,71.04353847013886,88.51992136320587,83.01492446768557,8.84766613485692,0.3006147666560568,0.22835043645207717,0.3530992963270874,0.8412241823443528,True
293,PCM-A,2.0,2.0,0.05,0.5,20,10/10,10,10,0.8502080123358642,0.5,0.9204326090636703,0.6026690510420627,71.79672129758153,89.52435950855896,83.79005645095377,8.968532021926865,0.16142666003730685,0.1592318414206454,0.1898061032695293,0.8625463378224673,True
294,PCM-A,2.0,2.0,0.05,0.5,20,15/15,15,15,0.8502080123358642,0.5,0.9204326090636703,0.6180034554656914,71.79672129758153,89.46605481176917,83.79005645095377,8.960098099493871,0.16974589820779323,0.1592318414206454,0.19313379853772383,0.8616410343282959,True
295,PCM-A,2.0,2.0,0.05,0.5,20,20/20,20,20,0.8502080123358642,0.5,0.9204326090636703,0.6297434535912597,71.79672129758153,89.42201719954362,83.79005645095377,8.953641100524807,0.1762563632626876,0.1592318414206454,0.19573798455968158,0.8609490399660154,True
296,PCM-A,2.0,2.0,0.05,0.5,20,continuous,20,0,0.8502080123358642,1.0,0.9204326090636703,0.8211705126303428,71.75438027232084,88.75836046690691,83.77735414337558,8.848356218053311,0.29969822702825777,0.1592318414206454,0.34261473006590965,0.8496290645507195,True
297,PCM-A,2.0,2.0,0.05,0.5,30,10/10,10,10,0.9135775411206606,0.5,0.9408968630627054,0.6149189360645286,72.19963383296543,89.6106722298293,84.22777785549293,8.96179458516451,0.16805568796921416,0.125006460164383,0.20150559244028823,0.8666027770166307,True
298,PCM-A,2.0,2.0,0.05,0.5,30,15/15,15,15,0.9135775411206606,0.5,0.9408968630627054,0.6313962772382485,72.19963383296543,89.54881988374785,84.22777785549293,8.952732047518964,0.17718278173791965,0.125006460164383,0.20515642994777045,0.8656314658953721,True
299,PCM-A,2.0,2.0,0.05,0.5,30,20/20,20,20,0.9135775411206606,0.5,0.9408968630627054,0.6440113061073026,72.19963383296543,89.50214986980461,84.22777785549293,8.945793781640985,0.18433358328623728,0.125006460164383,0.20801675056709748,0.8648890901473325,True
300,PCM-A,2.0,2.0,0.05,0.5,30,continuous,20,0,0.9135775411206606,1.0,0.9408968630627054,0.8497062176624287,72.10022139764058,88.78585668269261,84.19795412489547,8.832661580285665,0.32088918059297367,0.125006460164383,0.360138989489792,0.8525454505896847,True
301,PCM-A,2.0,2.0,0.05,0.5,40,10/10,10,10,0.9501385787369497,0.5,0.9527037105270266,0.6727007984899726,72.43023461511913,89.47427636743059,84.47976327822047,8.530014560830516,0.20112282857290964,0.1071417130494123,0.2370157296049758,0.8593312976872838,True
302,PCM-A,2.0,2.0,0.05,0.5,40,15/15,15,15,0.9501385787369497,0.5,0.9527037105270266,0.6898375568049346,72.43023461511913,89.41358029611301,84.47976327822047,8.520589343757287,0.21150037990160064,0.1071417130494123,0.24116675013645222,0.8583277971643378,True
303,PCM-A,2.0,2.0,0.05,0.5,40,20/20,20,20,0.9501385787369497,0.5,0.9527037105270266,0.7029574344955197,72.43023461511913,89.36780940670306,84.47976327822047,8.513373411027464,0.21962184653889907,0.1071417130494123,0.24441533679137162,0.8575608027996353,True
304,PCM-A,2.0,2.0,0.05,0.5,40,continuous,20,0,0.9501385787369497,1.0,0.9527037105270266,0.9168841808543134,72.1964662534105,88.62317269943787,84.4096327697079,8.395713700530129,0.37363404493372676,0.1071417130494123,0.40352021614930267,0.8443027533484643,True
305,PCM-A,2.0,2.0,0.05,1.0,10,10/10,10,10,0.740372585328781,0.5,0.8849628790614383,0.5816977224541158,71.08838888884097,89.37180868008508,83.0283795932962,8.980066252650238,0.1503876623592469,0.22835043645207717,0.19785220460836347,0.8554642653675827,True
306,PCM-A,2.0,2.0,0.05,1.0,10,15/15,15,15,0.740372585328781,0.5,0.8849628790614383,0.5939853616131852,71.08838888884097,89.32402573832962,83.0283795932962,8.973308051112749,0.15680827102699837,0.22835043645207717,0.20042044807546408,0.8547368796293957,True
307,PCM-A,2.0,2.0,0.05,1.0,10,20/20,20,20,0.740372585328781,0.5,0.8849628790614383,0.6033927606037095,71.08838888884097,89.28783796596767,83.0283795932962,8.968133981667961,0.16181458824398465,0.22835043645207717,0.20242297496225856,0.8541807205415841,True
308,PCM-A,2.0,2.0,0.05,1.0,10,continuous,20,0,0.740372585328781,1.0,0.8849628790614383,0.756785521207419,71.08838888884097,88.74337338038897,83.0283795932962,8.88376796333592,0.2545441444929711,0.22835043645207717,0.33701479746185314,0.8451961419186217,True
309,PCM-A,2.0,2.0,0.05,1.0,20,10/10,10,10,0.8502080123358642,0.5,0.9204326090636703,0.5545686181827186,71.79672129758153,89.71315774088015,83.79005645095377,8.994987259999505,0.13668726767692888,0.1592318414206454,0.1822540963253781,0.8653969372298489,True
310,PCM-A,2.0,2.0,0.05,1.0,20,15/15,15,15,0.8502080123358642,0.5,0.9204326090636703,0.5686791477630292,71.79672129758153,89.65682838266007,83.79005645095377,8.987226468730334,0.14373154360021564,0.1592318414206454,0.1850718066946928,0.8645589604373252,True
311,PCM-A,2.0,2.0,0.05,1.0,20,20/20,20,20,0.8502080123358642,0.5,0.9204326090636703,0.5794821490565364,71.79672129758153,89.61423672704905,83.79005645095377,8.981284818018906,0.1492442493667475,0.1592318414206454,0.18727688900130554,0.8639183891996852,True
312,PCM-A,2.0,2.0,0.05,1.0,20,continuous,20,0,0.8502080123358642,1.0,0.9204326090636703,0.7556309647797396,71.79672129758153,88.98091706508647,83.79005645095377,8.884402969371145,0.25376806885953773,0.1592318414206454,0.32658641679842165,0.853586061786351,True
313,PCM-A,2.0,2.0,0.05,1.0,30,10/10,10,10,0.9135775411206606,0.5,0.9408968630627054,0.5658408111019664,72.19963383296543,89.80105641347232,84.22777785549293,8.98878755389392,0.14230036600379165,0.125006460164383,0.19354721365411923,0.8695071749750856,True
314,PCM-A,2.0,2.0,0.05,1.0,30,15/15,15,15,0.9135775411206606,0.5,0.9408968630627054,0.5810030569651563,72.19963383296543,89.74123843212652,84.22777785549293,8.980448318669165,0.1500286898679363,0.125006460164383,0.19663854319977708,0.868608046398361,True
315,PCM-A,2.0,2.0,0.05,1.0,30,20/20,20,20,0.9135775411206606,0.5,0.9408968630627054,0.5926112507427361,72.19963383296543,89.69605096291005,84.22777785549293,8.974063812091496,0.15608359755860893,0.125006460164383,0.19906050627604616,0.8679207955732258,True
316,PCM-A,2.0,2.0,0.05,1.0,30,continuous,20,0,0.9135775411206606,1.0,0.9408968630627054,0.781889168152139,72.19963383296543,89.02866492425844,84.22777785549293,8.869960957516325,0.2717114094549528,0.125006460164383,0.34281163103458373,0.8568425300695648,True
317,PCM-A,2.0,2.0,0.05,1.0,40,10/10,10,10,0.9501385787369497,0.5,0.9527037105270266,0.6190109673359654,72.43023461511913,89.67131464083417,84.47976327822047,8.559543967965219,0.1702998123032034,0.1071417130494123,0.2270302730970933,0.8624879385100426,True
318,PCM-A,2.0,2.0,0.05,1.0,40,15/15,15,15,0.9501385787369497,0.5,0.9527037105270266,0.6347800007091366,72.43023461511913,89.6123420290108,84.47976327822047,8.550870999609975,0.17908695524457402,0.1071417130494123,0.23054513027364157,0.86155878738217,True
319,PCM-A,2.0,2.0,0.05,1.0,40,20/20,20,20,0.9501385787369497,0.5,0.9527037105270266,0.6468527501377219,72.43023461511913,89.56781703716511,84.47976327822047,8.544230987424253,0.18596376904921516,0.1071417130494123,0.23329585579549802,0.860848579419911,True
320,PCM-A,2.0,2.0,0.05,1.0,40,continuous,20,0,0.9501385787369497,1.0,0.9527037105270266,0.8437055002754439,72.34282361456825,88.88392825392019,84.45353997805522,8.435961974848507,0.3163728760866832,0.1071417130494123,0.3829594986104852,0.8490634768682608,True
321,PCM-A,2.0,2.0,0.05,2.0,10,10/10,10,10,0.740372585328781,0.5,0.8849628790614383,0.5352710605988934,71.08838888884097,89.55774225184751,83.0283795932962,9.005600916670609,0.12734004813985078,0.22835043645207717,0.19800815892060503,0.8582224885247871,True
322,PCM-A,2.0,2.0,0.05,2.0,10,15/15,15,15,0.740372585328781,0.5,0.8849628790614383,0.5465779944084037,71.08838888884097,89.5116609578521,83.0283795932962,8.999382103075378,0.13277666843178357,0.22835043645207717,0.20018280703737812,0.8575492710324769,True
323,PCM-A,2.0,2.0,0.05,2.0,10,20/20,20,20,0.740372585328781,0.5,0.8849628790614383,0.5552345667839851,71.08838888884097,89.47673166424761,83.0283795932962,8.994620988268808,0.13701574406746647,0.22835043645207717,0.20187843729165128,0.8570345015637227,True
324,PCM-A,2.0,2.0,0.05,2.0,10,continuous,20,0,0.740372585328781,1.0,0.8849628790614383,0.6963846907867765,71.08838888884097,88.94785537032169,83.0283795932962,8.916988420067273,0.215534061138753,0.22835043645207717,0.3307857641201659,0.8487157285296285,True
325,PCM-A,2.0,2.0,0.05,2.0,20,10/10,10,10,0.8502080123358642,0.5,0.9204326090636703,0.5103071938758392,71.79672129758153,89.89509599825415,83.79005645095377,9.01933104336829,0.11573930316508148,0.1592318414206454,0.18324991052063913,0.8680351271595794,True
326,PCM-A,2.0,2.0,0.05,2.0,20,15/15,15,15,0.8502080123358642,0.5,0.9204326090636703,0.523291528939418,71.79672129758153,89.84088621212118,83.79005645095377,9.01218965908332,0.12170401078211278,0.1592318414206454,0.18563579356745166,0.8672596590439394,True
327,PCM-A,2.0,2.0,0.05,2.0,20,20/20,20,20,0.8502080123358642,0.5,0.9204326090636703,0.5332323173193879,71.79672129758153,89.79985641036363,83.79005645095377,9.006722225474338,0.1263718685483575,0.1592318414206454,0.18750293667394954,0.8666668323270275,True
328,PCM-A,2.0,2.0,0.05,2.0,20,continuous,20,0,0.8502080123358642,1.0,0.9204326090636703,0.6953222822200763,71.79672129758153,89.18531344575953,83.79005645095377,8.917572744778958,0.21487692273410466,0.1592318414206454,0.32040495834824845,0.8571006953787709,True
329,PCM-A,2.0,2.0,0.05,2.0,30,10/10,10,10,0.9135775411206606,0.5,0.9408968630627054,0.5206797265955921,72.19963383296543,89.98469518185408,84.22777785549293,9.013626150372424,0.12049216786118247,0.125006460164383,0.19419893439707556,0.8721953133613989,True
330,PCM-A,2.0,2.0,0.05,2.0,30,15/15,15,15,0.9135775411206606,0.5,0.9408968630627054,0.5346318379946376,72.19963383296543,89.92707382203096,84.22777785549293,9.00595248910295,0.12703608986556644,0.125006460164383,0.19681650319882915,0.871363203579303,True
331,PCM-A,2.0,2.0,0.05,2.0,30,20/20,20,20,0.9135775411206606,0.5,0.9408968630627054,0.5453135545548271,72.19963383296543,89.88349916353891,84.22777785549293,9.000077544994845,0.13216305456943128,0.125006460164383,0.19886728908037507,0.8707271354355965,True
332,PCM-A,2.0,2.0,0.05,2.0,30,continuous,20,0,0.9135775411206606,1.0,0.9408968630627054,0.7194847566909547,72.19963383296543,89.23490097985048,84.22777785549293,8.904283383819976,0.23007036227139657,0.125006460164383,0.3355302121611612,0.8604696131901762,True
333,PCM-A,2.0,2.0,0.05,2.0,40,10/10,10,10,0.9501385787369497,0.5,0.9527037105270266,0.5696062477439132,72.43023461511913,89.86221453922629,84.47976327822047,8.586716563740849,0.14420056776395565,0.1071417130494123,0.22596557528139422,0.8654102818036138,True
334,PCM-A,2.0,2.0,0.05,2.0,40,15/15,15,15,0.9501385787369497,0.5,0.9527037105270266,0.584116717516197,72.43023461511913,89.80516455033354,84.47976327822047,8.578735805366092,0.15164103985862074,0.1071417130494123,0.22894176411926026,0.8645501656298086,True
335,PCM-A,2.0,2.0,0.05,2.0,40,20/20,20,20,0.9501385787369497,0.5,0.9527037105270266,0.5952259124494697,72.43023461511913,89.76204324862893,84.47976327822047,8.572625748152792,0.15746394971169053,0.1071417130494123,0.23127092806048816,0.8638926851180846,True
336,PCM-A,2.0,2.0,0.05,2.0,40,continuous,20,0,0.9501385787369497,1.0,0.9527037105270266,0.7763673821177456,72.43023461511913,89.12249719670348,84.47976327822047,8.47299793983524,0.2678872497850496,0.1071417130494123,0.37294024808983184,0.8532890767790452,True
337,PCM-A,2.0,2.0,0.1,0.5,10,10/10,10,10,0.740372585328781,0.5,0.7704049328630949,0.6321511944428946,70.12616472423862,88.8617656264525,82.7397123439155,8.952316843056408,0.1776067256158126,0.5364588063258323,0.30499075827059136,0.8334629698498853,False
338,PCM-A,2.0,2.0,0.1,0.5,10,15/15,15,15,0.740372585328781,0.5,0.7704049328630949,0.6455046002951956,70.12616472423862,88.81241940711708,82.7397123439155,8.944972469837642,0.18518941733433789,0.5364588063258323,0.30802383495800145,0.8326772437612132,False
339,PCM-A,2.0,2.0,0.1,0.5,10,20/20,20,20,0.740372585328781,0.5,0.7704049328630949,0.6557279487438908,70.12616472423862,88.77508286989573,82.7397123439155,8.939349628190861,0.191101841228387,0.5364588063258323,0.3103888045156211,0.8320765078483247,False
340,PCM-A,2.0,2.0,0.1,0.5,10,continuous,20,0,0.740372585328781,1.0,0.7704049328630949,0.8224252093510557,70.08131430553651,88.20238738888709,82.72625721830485,8.84766613485692,0.3006147666560568,0.5364588063258323,0.45169397468668904,0.8222027694861849,False
341,PCM-A,2.0,2.0,0.1,0.5,20,10/10,10,10,0.8502080123358642,0.5,0.8012831262964993,0.6026690510420627,70.83968421960284,89.20853727282599,83.50294532756017,8.968532021926865,0.16142666003730685,0.4406507191861394,0.27986014415448734,0.8429303936280302,False
342,PCM-A,2.0,2.0,0.1,0.5,20,15/15,15,15,0.8502080123358642,0.5,0.8012831262964993,0.6180034554656914,70.83968421960284,89.1502325760362,83.50294532756017,8.960098099493871,0.16974589820779323,0.4406507191861394,0.2831878394226819,0.8420250901338588,False
343,PCM-A,2.0,2.0,0.1,0.5,20,20/20,20,20,0.8502080123358642,0.5,0.8012831262964993,0.6297434535912597,70.83968421960284,89.10619496381065,83.50294532756017,8.953641100524807,0.1762563632626876,0.4406507191861394,0.28579202544463966,0.8413330957715784,False
344,PCM-A,2.0,2.0,0.1,0.5,20,continuous,20,0,0.8502080123358642,1.0,0.8012831262964993,0.8211705126303428,70.79734319434216,88.44253823117394,83.49024301998197,8.848356218053311,0.29969822702825777,0.4406507191861394,0.43266877095086775,0.8300131203562824,False
345,PCM-A,2.0,2.0,0.1,0.5,30,10/10,10,10,0.9135775411206606,0.5,0.8190982941427943,0.6149189360645286,71.24622699289135,89.29604797260487,83.9417558034707,8.96179458516451,0.16805568796921416,0.38965811532586736,0.2861941220919632,0.8466462639744514,False
346,PCM-A,2.0,2.0,0.1,0.5,30,15/15,15,15,0.9135775411206606,0.5,0.8190982941427943,0.6313962772382485,71.24622699289135,89.23419562652342,83.9417558034707,8.952732047518964,0.17718278173791965,0.38965811532586736,0.2898449595994454,0.845674952853193,False
347,PCM-A,2.0,2.0,0.1,0.5,30,20/20,20,20,0.9135775411206606,0.5,0.8190982941427943,0.6440113061073026,71.24622699289135,89.18752561258017,83.9417558034707,8.945793781640985,0.18433358328623728,0.38965811532586736,0.29270528021877246,0.8449325771051533,False
348,PCM-A,2.0,2.0,0.1,0.5,30,continuous,20,0,0.9135775411206606,1.0,0.8190982941427943,0.8497062176624287,71.1468145575665,88.47123242546816,83.91193207287324,8.832661580285665,0.32088918059297367,0.38965811532586736,0.44482751914146695,0.8325889375475054,False
349,PCM-A,2.0,2.0,0.1,0.5,40,10/10,10,10,0.9501385787369497,0.5,0.8293767518536106,0.6727007984899726,71.47912150231193,89.16040904020421,84.19442934437832,8.530014560830516,0.20112282857290964,0.3616639132706287,0.318462833675765,0.8391790579624677,False
350,PCM-A,2.0,2.0,0.1,0.5,40,15/15,15,15,0.9501385787369497,0.5,0.8293767518536106,0.6898375568049346,71.47912150231193,89.09971296888664,84.19442934437832,8.520589343757287,0.21150037990160064,0.3616639132706287,0.3226138542072414,0.8381755574395217,False
351,PCM-A,2.0,2.0,0.1,0.5,40,20/20,20,20,0.9501385787369497,0.5,0.8293767518536106,0.7029574344955197,71.47912150231193,89.05394207947668,84.19442934437832,8.513373411027464,0.21962184653889907,0.3616639132706287,0.32586244086216076,0.837408563074819,False
352,PCM-A,2.0,2.0,0.1,0.5,40,continuous,20,0,0.9501385787369497,1.0,0.8293767518536106,0.9168841808543134,71.2453531406033,88.30930537221148,84.12429883586573,8.395713700530129,0.37363404493372676,0.3616639132706287,0.48496732022009187,0.824150513623648,False
353,PCM-A,2.0,2.0,0.1,1.0,10,10/10,10,10,0.740372585328781,0.5,0.7704049328630949,0.5816977224541158,70.12616472423862,89.05427470576629,82.7397123439155,8.980066252650238,0.1503876623592469,0.5364588063258323,0.2964468829679651,0.8364428525094149,False
354,PCM-A,2.0,2.0,0.1,1.0,10,15/15,15,15,0.740372585328781,0.5,0.7704049328630949,0.5939853616131852,70.12616472423862,89.00649176401086,82.7397123439155,8.973308051112749,0.15680827102699837,0.5364588063258323,0.2990151264350657,0.835715466771228,False
355,PCM-A,2.0,2.0,0.1,1.0,10,20/20,20,20,0.740372585328781,0.5,0.7704049328630949,0.6033927606037095,70.12616472423862,88.97030399164889,82.7397123439155,8.968133981667961,0.16181458824398465,0.5364588063258323,0.3010176533218602,0.8351593076834164,False
356,PCM-A,2.0,2.0,0.1,1.0,10,continuous,20,0,0.740372585328781,1.0,0.7704049328630949,0.756785521207419,70.12616472423862,88.4258394060702,82.7397123439155,8.88376796333592,0.2545441444929711,0.5364588063258323,0.43560947582145476,0.8261747290604536,False
357,PCM-A,2.0,2.0,0.1,1.0,20,10/10,10,10,0.8502080123358642,0.5,0.8012831262964993,0.5545686181827186,70.83968421960284,89.39733550514718,83.50294532756017,8.994987259999505,0.13668726767692888,0.4406507191861394,0.2723081372103362,0.8457809930354119,False
358,PCM-A,2.0,2.0,0.1,1.0,20,15/15,15,15,0.8502080123358642,0.5,0.8012831262964993,0.5686791477630292,70.83968421960284,89.3410061469271,83.50294532756017,8.987226468730334,0.14373154360021564,0.4406507191861394,0.2751258475796509,0.8449430162428881,False
359,PCM-A,2.0,2.0,0.1,1.0,20,20/20,20,20,0.8502080123358642,0.5,0.8012831262964993,0.5794821490565364,70.83968421960284,89.29841449131608,83.50294532756017,8.981284818018906,0.1492442493667475,0.4406507191861394,0.2773309298862636,0.8443024450052482,False
360,PCM-A,2.0,2.0,0.1,1.0,20,continuous,20,0,0.8502080123358642,1.0,0.8012831262964993,0.7556309647797396,70.83968421960284,88.6650948293535,83.50294532756017,8.884402969371145,0.25376806885953773,0.4406507191861394,0.41664045768337976,0.833970117591914,False
361,PCM-A,2.0,2.0,0.1,1.0,30,10/10,10,10,0.9135775411206606,0.5,0.8190982941427943,0.5658408111019664,71.24622699289135,89.48643215624789,83.9417558034707,8.98878755389392,0.14230036600379165,0.38965811532586736,0.2782357433057942,0.8495506619329064,False
362,PCM-A,2.0,2.0,0.1,1.0,30,15/15,15,15,0.9135775411206606,0.5,0.8190982941427943,0.5810030569651563,71.24622699289135,89.42661417490208,83.9417558034707,8.980448318669165,0.1500286898679363,0.38965811532586736,0.2813270728514521,0.8486515333561818,False
363,PCM-A,2.0,2.0,0.1,1.0,30,20/20,20,20,0.9135775411206606,0.5,0.8190982941427943,0.5926112507427361,71.24622699289135,89.38142670568561,83.9417558034707,8.974063812091496,0.15608359755860893,0.38965811532586736,0.28374903592772116,0.8479642825310466,False
364,PCM-A,2.0,2.0,0.1,1.0,30,continuous,20,0,0.9135775411206606,1.0,0.8190982941427943,0.781889168152139,71.24622699289135,88.714040667034,83.9417558034707,8.869960957516325,0.2717114094549528,0.38965811532586736,0.4275001606862587,0.8368860170273857,False
365,PCM-A,2.0,2.0,0.1,1.0,40,10/10,10,10,0.9501385787369497,0.5,0.8293767518536106,0.6190109673359654,71.47912150231193,89.35744731360779,84.19442934437832,8.559543967965219,0.1702998123032034,0.3616639132706287,0.30847737716788254,0.8423356987852264,False
366,PCM-A,2.0,2.0,0.1,1.0,40,15/15,15,15,0.9501385787369497,0.5,0.8293767518536106,0.6347800007091366,71.47912150231193,89.29847470178443,84.19442934437832,8.550870999609975,0.17908695524457402,0.3616639132706287,0.31199223434443085,0.8414065476573538,False
367,PCM-A,2.0,2.0,0.1,1.0,40,20/20,20,20,0.9501385787369497,0.5,0.8293767518536106,0.6468527501377219,71.47912150231193,89.25394970993874,84.19442934437832,8.544230987424253,0.18596376904921516,0.3616639132706287,0.31474295986628725,0.8406963396950948,False
368,PCM-A,2.0,2.0,0.1,1.0,40,continuous,20,0,0.9501385787369497,1.0,0.8293767518536106,0.8437055002754439,71.39171050176104,88.57006092669381,84.16820604421305,8.435961974848507,0.3163728760866832,0.3616639132706287,0.4644066026812745,0.8289112371434447,False
369,PCM-A,2.0,2.0,0.1,2.0,10,10/10,10,10,0.740372585328781,0.5,0.7704049328630949,0.5352710605988934,70.12616472423862,89.24020827752872,82.7397123439155,9.005600916670609,0.12734004813985078,0.5364588063258323,0.29660283728020664,0.8392010756666192,False
370,PCM-A,2.0,2.0,0.1,2.0,10,15/15,15,15,0.740372585328781,0.5,0.7704049328630949,0.5465779944084037,70.12616472423862,89.19412698353332,82.7397123439155,8.999382103075378,0.13277666843178357,0.5364588063258323,0.2987774853969798,0.8385278581743092,False
371,PCM-A,2.0,2.0,0.1,2.0,10,20/20,20,20,0.740372585328781,0.5,0.7704049328630949,0.5552345667839851,70.12616472423862,89.15919768992883,82.7397123439155,8.994620988268808,0.13701574406746647,0.5364588063258323,0.3004731156512529,0.838013088705555,False
372,PCM-A,2.0,2.0,0.1,2.0,10,continuous,20,0,0.740372585328781,1.0,0.7704049328630949,0.6963846907867765,70.12616472423862,88.63032139600291,82.7397123439155,8.916988420067273,0.215534061138753,0.5364588063258323,0.4293804424797676,0.8296943156714607,False
373,PCM-A,2.0,2.0,0.1,2.0,20,10/10,10,10,0.8502080123358642,0.5,0.8012831262964993,0.5103071938758392,70.83968421960284,89.57927376252118,83.50294532756017,9.01933104336829,0.11573930316508148,0.4406507191861394,0.27330395140559727,0.8484191829651424,False
374,PCM-A,2.0,2.0,0.1,2.0,20,15/15,15,15,0.8502080123358642,0.5,0.8012831262964993,0.523291528939418,70.83968421960284,89.52506397638821,83.50294532756017,9.01218965908332,0.12170401078211278,0.4406507191861394,0.27568983445240974,0.8476437148495024,False
375,PCM-A,2.0,2.0,0.1,2.0,20,20/20,20,20,0.8502080123358642,0.5,0.8012831262964993,0.5332323173193879,70.83968421960284,89.48403417463066,83.50294532756017,9.006722225474338,0.1263718685483575,0.4406507191861394,0.2775569775589076,0.8470508881325904,False
376,PCM-A,2.0,2.0,0.1,2.0,20,continuous,20,0,0.8502080123358642,1.0,0.8012831262964993,0.6953222822200763,70.83968421960284,88.86949121002657,83.50294532756017,8.917572744778958,0.21487692273410466,0.4406507191861394,0.4104589992332065,0.8374847511843339,False
377,PCM-A,2.0,2.0,0.1,2.0,30,10/10,10,10,0.9135775411206606,0.5,0.8190982941427943,0.5206797265955921,71.24622699289135,89.67007092462964,83.9417558034707,9.013626150372424,0.12049216786118247,0.38965811532586736,0.27888746404875053,0.8522388003192197,False
378,PCM-A,2.0,2.0,0.1,2.0,30,15/15,15,15,0.9135775411206606,0.5,0.8190982941427943,0.5346318379946376,71.24622699289135,89.61244956480652,83.9417558034707,9.00595248910295,0.12703608986556644,0.38965811532586736,0.28150503285050416,0.8514066905371238,False
379,PCM-A,2.0,2.0,0.1,2.0,30,20/20,20,20,0.9135775411206606,0.5,0.8190982941427943,0.5453135545548271,71.24622699289135,89.56887490631448,83.9417558034707,9.000077544994845,0.13216305456943128,0.38965811532586736,0.28355581873205005,0.8507706223934174,False
380,PCM-A,2.0,2.0,0.1,2.0,30,continuous,20,0,0.9135775411206606,1.0,0.8190982941427943,0.7194847566909547,71.24622699289135,88.92027672262604,83.9417558034707,8.904283383819976,0.23007036227139657,0.38965811532586736,0.42021874181283614,0.8405131001479971,False
381,PCM-A,2.0,2.0,0.1,2.0,40,10/10,10,10,0.9501385787369497,0.5,0.8293767518536106,0.5696062477439132,71.47912150231193,89.54834721199991,84.19442934437832,8.586716563740849,0.14420056776395565,0.3616639132706287,0.3074126793521834,0.8452580420787977,False
382,PCM-A,2.0,2.0,0.1,2.0,40,15/15,15,15,0.9501385787369497,0.5,0.8293767518536106,0.584116717516197,71.47912150231193,89.49129722310717,84.19442934437832,8.578735805366092,0.15164103985862074,0.3616639132706287,0.3103888681900495,0.8443979259049923,False
383,PCM-A,2.0,2.0,0.1,2.0,40,20/20,20,20,0.9501385787369497,0.5,0.8293767518536106,0.5952259124494697,71.47912150231193,89.44817592140255,84.19442934437832,8.572625748152792,0.15746394971169053,0.3616639132706287,0.31271803213127736,0.8437404453932685,False
384,PCM-A,2.0,2.0,0.1,2.0,40,continuous,20,0,0.9501385787369497,1.0,0.8293767518536106,0.7763673821177456,71.47912150231193,88.8086298694771,84.19442934437832,8.47299793983524,0.2678872497850496,0.3616639132706287,0.454387352160621,0.833136837054229,False
385,PCM-A,2.0,2.0,0.3,0.5,10,10/10,10,10,0.740372585328781,0.5,0.6184360589943064,0.6321511944428946,68.59695746082123,88.35712722952476,82.28095016489027,8.952316843056408,0.1776067256158126,1.1452040951947415,0.49978925070864233,0.807260120710433,False
386,PCM-A,2.0,2.0,0.3,0.5,10,15/15,15,15,0.740372585328781,0.5,0.6184360589943064,0.6455046002951956,68.59695746082123,88.30778101018934,82.28095016489027,8.944972469837642,0.18518941733433789,1.1452040951947415,0.5028223273960524,0.8064743946217608,False
387,PCM-A,2.0,2.0,0.3,0.5,10,20/20,20,20,0.740372585328781,0.5,0.6184360589943064,0.6557279487438908,68.59695746082123,88.270444472968,82.28095016489027,8.939349628190861,0.191101841228387,1.1452040951947415,0.505187296953672,0.8058736587088723,False
388,PCM-A,2.0,2.0,0.3,0.5,10,continuous,20,0,0.740372585328781,1.0,0.6184360589943064,0.8224252093510557,68.55210704211912,87.69774899195934,82.26749503927965,8.84766613485692,0.3006147666560568,1.1452040951947415,0.64649246712474,0.7959999203467324,False
389,PCM-A,2.0,2.0,0.3,0.5,20,10/10,10,10,0.8502080123358642,0.5,0.643223268215372,0.6026690510420627,69.3076188998577,88.7029557173101,83.04332573163663,8.968532021926865,0.16142666003730685,1.0303455935794865,0.46856250396035837,0.8159014954085035,False
390,PCM-A,2.0,2.0,0.3,0.5,20,15/15,15,15,0.8502080123358642,0.5,0.643223268215372,0.6180034554656914,69.3076188998577,88.64465102052031,83.04332573163663,8.960098099493871,0.16974589820779323,1.0303455935794865,0.4718901992285529,0.8149961919143321,False
391,PCM-A,2.0,2.0,0.3,0.5,20,20/20,20,20,0.8502080123358642,0.5,0.643223268215372,0.6297434535912597,69.3076188998577,88.60061340829476,83.04332573163663,8.953641100524807,0.1762563632626876,1.0303455935794865,0.4744943852505107,0.8143041975520517,False
392,PCM-A,2.0,2.0,0.3,0.5,20,continuous,20,0,0.8502080123358642,1.0,0.643223268215372,0.8211705126303428,69.26527787459702,87.93695667565804,83.03062342405842,8.848356218053311,0.29969822702825777,1.0303455935794865,0.6213711307567388,0.8029842221367558,False
393,PCM-A,2.0,2.0,0.3,0.5,30,10/10,10,10,0.9135775411206606,0.5,0.6575242438753275,0.6149189360645286,69.7135539700707,88.79026587507406,83.4819538966245,8.96179458516451,0.16805568796921416,0.9668384926325962,0.4708918428301164,0.8191447715539104,False
394,PCM-A,2.0,2.0,0.3,0.5,30,15/15,15,15,0.9135775411206606,0.5,0.6575242438753275,0.6313962772382485,69.7135539700707,88.7284135289926,83.4819538966245,8.952732047518964,0.17718278173791965,0.9668384926325962,0.4745426803375986,0.8181734604326519,False
395,PCM-A,2.0,2.0,0.3,0.5,30,20/20,20,20,0.9135775411206606,0.5,0.6575242438753275,0.6440113061073026,69.7135539700707,88.68174351504936,83.4819538966245,8.945793781640985,0.18433358328623728,0.9668384926325962,0.47740300095692567,0.8174310846846122,False
396,PCM-A,2.0,2.0,0.3,0.5,30,continuous,20,0,0.9135775411206606,1.0,0.6575242438753275,0.8497062176624287,69.61414153474585,87.96545032793735,83.45213016602706,8.832661580285665,0.32088918059297367,0.9668384926325962,0.6295252398796202,0.8050874451269645,False
397,PCM-A,2.0,2.0,0.3,0.5,40,10/10,10,10,0.9501385787369497,0.5,0.6657751890705946,0.6727007984899726,69.94642839871032,88.65462031601568,83.73462141329784,8.530014560830516,0.20112282857290964,0.931116970008286,0.5006878118318153,0.8114061704655742,False
398,PCM-A,2.0,2.0,0.3,0.5,40,15/15,15,15,0.9501385787369497,0.5,0.6657751890705946,0.6898375568049346,69.94642839871032,88.5939242446981,83.73462141329784,8.520589343757287,0.21150037990160064,0.931116970008286,0.5048388323632917,0.8104026699426281,False
399,PCM-A,2.0,2.0,0.3,0.5,40,20/20,20,20,0.9501385787369497,0.5,0.6657751890705946,0.7029574344955197,69.94642839871032,88.54815335528815,83.73462141329784,8.513373411027464,0.21962184653889907,0.931116970008286,0.5080874190182111,0.8096356755779255,False
400,PCM-A,2.0,2.0,0.3,0.5,40,continuous,20,0,0.9501385787369497,1.0,0.6657751890705946,0.9168841808543134,69.7126600370017,87.80351664802296,83.66449090478525,8.395713700530129,0.37363404493372676,0.931116970008286,0.6671922983761422,0.7963776261267547,False
401,PCM-A,2.0,2.0,0.3,1.0,10,10/10,10,10,0.740372585328781,0.5,0.6184360589943064,0.5816977224541158,68.59695746082123,88.54963630883856,82.28095016489027,8.980066252650238,0.1503876623592469,1.1452040951947415,0.49124537540601604,0.8102400033699625,False
402,PCM-A,2.0,2.0,0.3,1.0,10,15/15,15,15,0.740372585328781,0.5,0.6184360589943064,0.5939853616131852,68.59695746082123,88.50185336708313,82.28095016489027,8.973308051112749,0.15680827102699837,1.1452040951947415,0.49381361887311664,0.8095126176317755,False
403,PCM-A,2.0,2.0,0.3,1.0,10,20/20,20,20,0.740372585328781,0.5,0.6184360589943064,0.6033927606037095,68.59695746082123,88.46566559472116,82.28095016489027,8.968133981667961,0.16181458824398465,1.1452040951947415,0.4958161457599111,0.8089564585439639,False
404,PCM-A,2.0,2.0,0.3,1.0,10,continuous,20,0,0.740372585328781,1.0,0.6184360589943064,0.756785521207419,68.59695746082123,87.92120100914246,82.28095016489027,8.88376796333592,0.2545441444929711,1.1452040951947415,0.6304079682595056,0.7999718799210014,False
405,PCM-A,2.0,2.0,0.3,1.0,20,10/10,10,10,0.8502080123358642,0.5,0.643223268215372,0.5545686181827186,69.3076188998577,88.8917539496313,83.04332573163663,8.994987259999505,0.13668726767692888,1.0303455935794865,0.4610104970162073,0.8187520948158852,False
406,PCM-A,2.0,2.0,0.3,1.0,20,15/15,15,15,0.8502080123358642,0.5,0.643223268215372,0.5686791477630292,69.3076188998577,88.83542459141121,83.04332573163663,8.987226468730334,0.14373154360021564,1.0303455935794865,0.46382820738552194,0.8179141180233614,False
407,PCM-A,2.0,2.0,0.3,1.0,20,20/20,20,20,0.8502080123358642,0.5,0.643223268215372,0.5794821490565364,69.3076188998577,88.79283293580019,83.04332573163663,8.981284818018906,0.1492442493667475,1.0303455935794865,0.4660332896921347,0.8172735467857215,False
408,PCM-A,2.0,2.0,0.3,1.0,20,continuous,20,0,0.8502080123358642,1.0,0.643223268215372,0.7556309647797396,69.3076188998577,88.15951327383762,83.04332573163663,8.884402969371145,0.25376806885953773,1.0303455935794865,0.6053428174892508,0.8069412193723873,False
409,PCM-A,2.0,2.0,0.3,1.0,30,10/10,10,10,0.9135775411206606,0.5,0.6575242438753275,0.5658408111019664,69.7135539700707,88.98065005871707,83.4819538966245,8.98878755389392,0.14230036600379165,0.9668384926325962,0.4629334640439475,0.8220491695123653,False
410,PCM-A,2.0,2.0,0.3,1.0,30,15/15,15,15,0.9135775411206606,0.5,0.6575242438753275,0.5810030569651563,69.7135539700707,88.92083207737127,83.4819538966245,8.980448318669165,0.1500286898679363,0.9668384926325962,0.4660247935896053,0.8211500409356407,False
411,PCM-A,2.0,2.0,0.3,1.0,30,20/20,20,20,0.9135775411206606,0.5,0.6575242438753275,0.5926112507427361,69.7135539700707,88.8756446081548,83.4819538966245,8.974063812091496,0.15608359755860893,0.9668384926325962,0.4684467566658744,0.8204627901105055,False
412,PCM-A,2.0,2.0,0.3,1.0,30,continuous,20,0,0.9135775411206606,1.0,0.6575242438753275,0.781889168152139,69.7135539700707,88.20825856950319,83.4819538966245,8.869960957516325,0.2717114094549528,0.9668384926325962,0.6121978814244118,0.8093845246068446,False
413,PCM-A,2.0,2.0,0.3,1.0,40,10/10,10,10,0.9501385787369497,0.5,0.6657751890705946,0.6190109673359654,69.94642839871032,88.85165858941926,83.73462141329784,8.559543967965219,0.1702998123032034,0.931116970008286,0.49070235532393286,0.8145628112883329,False
414,PCM-A,2.0,2.0,0.3,1.0,40,15/15,15,15,0.9501385787369497,0.5,0.6657751890705946,0.6347800007091366,69.94642839871032,88.7926859775959,83.73462141329784,8.550870999609975,0.17908695524457402,0.931116970008286,0.4942172125004812,0.8136336601604602,False
415,PCM-A,2.0,2.0,0.3,1.0,40,20/20,20,20,0.9501385787369497,0.5,0.6657751890705946,0.6468527501377219,69.94642839871032,88.7481609857502,83.73462141329784,8.544230987424253,0.18596376904921516,0.931116970008286,0.4969679380223376,0.8129234521982012,False
416,PCM-A,2.0,2.0,0.3,1.0,40,continuous,20,0,0.9501385787369497,1.0,0.6657751890705946,0.8437055002754439,69.85901739815944,88.06427220250528,83.70839811313257,8.435961974848507,0.3163728760866832,0.931116970008286,0.6466315808373246,0.8011383496465512,False
417,PCM-A,2.0,2.0,0.3,2.0,10,10/10,10,10,0.740372585328781,0.5,0.6184360589943064,0.5352710605988934,68.59695746082123,88.73556988060099,82.28095016489027,9.005600916670609,0.12734004813985078,1.1452040951947415,0.49140132971825756,0.8129982265271667,False
418,PCM-A,2.0,2.0,0.3,2.0,10,15/15,15,15,0.740372585328781,0.5,0.6184360589943064,0.5465779944084037,68.59695746082123,88.68948858660559,82.28095016489027,8.999382103075378,0.13277666843178357,1.1452040951947415,0.4935759778350307,0.8123250090348567,False
419,PCM-A,2.0,2.0,0.3,2.0,10,20/20,20,20,0.740372585328781,0.5,0.6184360589943064,0.5552345667839851,68.59695746082123,88.6545592930011,82.28095016489027,8.994620988268808,0.13701574406746647,1.1452040951947415,0.4952716080893038,0.8118102395661025,False
420,PCM-A,2.0,2.0,0.3,2.0,10,continuous,20,0,0.740372585328781,1.0,0.6184360589943064,0.6963846907867765,68.59695746082123,88.12568299907518,82.28095016489027,8.916988420067273,0.215534061138753,1.1452040951947415,0.6241789349178185,0.8034914665320082,False
421,PCM-A,2.0,2.0,0.3,2.0,20,10/10,10,10,0.8502080123358642,0.5,0.643223268215372,0.5103071938758392,69.3076188998577,89.0736922070053,83.04332573163663,9.01933104336829,0.11573930316508148,1.0303455935794865,0.4620063112114683,0.8213902847456157,False
422,PCM-A,2.0,2.0,0.3,2.0,20,15/15,15,15,0.8502080123358642,0.5,0.643223268215372,0.523291528939418,69.3076188998577,89.01948242087232,83.04332573163663,9.01218965908332,0.12170401078211278,1.0303455935794865,0.4643921942582808,0.8206148166299759,False
423,PCM-A,2.0,2.0,0.3,2.0,20,20/20,20,20,0.8502080123358642,0.5,0.643223268215372,0.5332323173193879,69.3076188998577,88.97845261911478,83.04332573163663,9.006722225474338,0.1263718685483575,1.0303455935794865,0.46625933736477865,0.8200219899130637,False
424,PCM-A,2.0,2.0,0.3,2.0,20,continuous,20,0,0.8502080123358642,1.0,0.643223268215372,0.6953222822200763,69.3076188998577,88.36390965451068,83.04332573163663,8.917572744778958,0.21487692273410466,1.0303455935794865,0.5991613590390775,0.8104558529648073,False
425,PCM-A,2.0,2.0,0.3,2.0,30,10/10,10,10,0.9135775411206606,0.5,0.6575242438753275,0.5206797265955921,69.7135539700707,89.16428882709883,83.4819538966245,9.013626150372424,0.12049216786118247,0.9668384926325962,0.4635851847869038,0.8247373078986788,False
426,PCM-A,2.0,2.0,0.3,2.0,30,15/15,15,15,0.9135775411206606,0.5,0.6575242438753275,0.5346318379946376,69.7135539700707,89.10666746727571,83.4819538966245,9.00595248910295,0.12703608986556644,0.9668384926325962,0.46620275358865737,0.8239051981165828,False
427,PCM-A,2.0,2.0,0.3,2.0,30,20/20,20,20,0.9135775411206606,0.5,0.6575242438753275,0.5453135545548271,69.7135539700707,89.06309280878367,83.4819538966245,9.000077544994845,0.13216305456943128,0.9668384926325962,0.4682535394702033,0.8232691299728763,False
428,PCM-A,2.0,2.0,0.3,2.0,30,continuous,20,0,0.9135775411206606,1.0,0.6575242438753275,0.7194847566909547,69.7135539700707,88.41449462509523,83.4819538966245,8.904283383819976,0.23007036227139657,0.9668384926325962,0.6049164625509894,0.8130116077274561,False
429,PCM-A,2.0,2.0,0.3,2.0,40,10/10,10,10,0.9501385787369497,0.5,0.6657751890705946,0.5696062477439132,69.94642839871032,89.04255848781138,83.73462141329784,8.586716563740849,0.14420056776395565,0.931116970008286,0.48963765750823374,0.8174851545819042,False
430,PCM-A,2.0,2.0,0.3,2.0,40,15/15,15,15,0.9501385787369497,0.5,0.6657751890705946,0.584116717516197,69.94642839871032,88.98550849891863,83.73462141329784,8.578735805366092,0.15164103985862074,0.931116970008286,0.4926138463460997,0.8166250384080989,False
431,PCM-A,2.0,2.0,0.3,2.0,40,20/20,20,20,0.9501385787369497,0.5,0.6657751890705946,0.5952259124494697,69.94642839871032,88.94238719721402,83.73462141329784,8.572625748152792,0.15746394971169053,0.931116970008286,0.4949430102873277,0.8159675578963749,False
432,PCM-A,2.0,2.0,0.3,2.0,40,continuous,20,0,0.9501385787369497,1.0,0.6657751890705946,0.7763673821177456,69.94642839871032,88.30284114528857,83.73462141329784,8.47299793983524,0.2678872497850496,0.931116970008286,0.6366123303166713,0.8053639495573354,False
433,PCM-A,4.0,0.5,0.05,0.5,10,10/10,10,10,0.740372585328781,0.5,0.49437882122335325,0.6013207614674775,67.0938272775299,87.97757385867078,81.83001110990287,8.969273581192889,0.1607051814097009,1.5,0.6323445725638803,0.7867111773595671,False
434,PCM-A,4.0,0.5,0.05,0.5,10,15/15,15,15,0.740372585328781,0.5,0.49437882122335325,0.6117976313519544,67.0938272775299,87.93758801491735,81.83001110990287,8.963511302756427,0.16635392965682755,1.5,0.6346040718627309,0.7860923731291127,False
435,PCM-A,4.0,0.5,0.05,0.5,10,20/20,20,20,0.740372585328781,0.5,0.49437882122335325,0.619818707972058,67.0938272775299,87.9072568018992,81.83001110990287,8.95909971061537,0.1707445470009561,1.5,0.6363603188003824,0.7856191361750803,False
436,PCM-A,4.0,0.5,0.05,0.5,10,continuous,20,0,0.740372585328781,1.0,0.49437882122335325,0.7506067278073899,67.0938272775299,87.44552329379336,81.83001110990287,8.887166299705937,0.2504046488132076,1.5,0.7657243595252831,0.7779631635839085,False
437,PCM-A,4.0,0.5,0.05,0.5,20,10/10,10,10,0.8502080123358642,0.5,0.5141937577845473,0.5672648752812285,67.79046389155087,88.34037345411474,82.58817922914459,8.988004318595324,0.143017528323479,1.5,0.6372695113293916,0.7949111331168182,False
438,PCM-A,4.0,0.5,0.05,0.5,20,15/15,15,15,0.8502080123358642,0.5,0.5141937577845473,0.5792960051427251,67.79046389155087,88.29290178060903,82.58817922914459,8.981387197171502,0.14914838292192006,1.5,0.639721853168768,0.794197669198069,False
439,PCM-A,4.0,0.5,0.05,0.5,20,20/20,20,20,0.8502080123358642,0.5,0.5141937577845473,0.5885070209813837,67.79046389155087,88.25694159710301,82.58817922914459,8.97632113846024,0.15392911721972571,1.5,0.6416341468878902,0.7936521489148196,False
440,PCM-A,4.0,0.5,0.05,0.5,20,continuous,20,0,0.8502080123358642,1.0,0.5141937577845473,0.7386976474105907,67.79046389155087,87.71500292024463,82.58817922914459,8.893716293924175,0.24252187301775174,1.5,0.7745712492071006,0.7848388612958556,False
441,PCM-A,4.0,0.5,0.05,0.5,30,10/10,10,10,0.9135775411206606,0.5,0.5256259816762298,0.5768759402709187,68.18928714775664,88.43401656186187,83.0246738499303,8.982718232850996,0.1479048224282029,1.5,0.6592244289712811,0.7978965329876162,False
442,PCM-A,4.0,0.5,0.05,0.5,30,15/15,15,15,0.9135775411206606,0.5,0.5256259816762298,0.589803800131439,68.18928714775664,88.38351713917366,83.0246738499303,8.975607909927708,0.1546082322886606,1.5,0.6619057929154641,0.7971308309855821,False
443,PCM-A,4.0,0.5,0.05,0.5,30,20/20,20,20,0.9135775411206606,0.5,0.5256259816762298,0.5997013511766072,68.18928714775664,88.34529369640255,83.0246738499303,8.970164256852867,0.15984076026802146,1.5,0.6639988041072086,0.7965454180977578,False
444,PCM-A,4.0,0.5,0.05,0.5,30,continuous,20,0,0.9135775411206606,1.0,0.5256259816762298,0.7610863078010375,68.18928714775664,87.77257547088234,83.0246738499303,8.88140253070943,0.257445496854318,1.5,0.8005406987417272,0.7870929282401231,False
445,PCM-A,4.0,0.5,0.05,0.5,40,10/10,10,10,0.9501385787369497,0.5,0.5322218010827632,0.6331353359788245,68.41837333697704,88.29453513390378,83.27620489477786,8.551775565211647,0.1781601571844529,1.5,0.6993265628737811,0.7899963861919796,False
446,PCM-A,4.0,0.5,0.05,0.5,40,15/15,15,15,0.9501385787369497,0.5,0.5322218010827632,0.6465805640422437,68.41837333697704,88.24490074175414,83.27620489477786,8.544380689776766,0.18580730035430493,1.5,0.7023854201417219,0.7892053513150331,False
447,PCM-A,4.0,0.5,0.05,0.5,40,20/20,20,20,0.9501385787369497,0.5,0.5322218010827632,0.6568742114446273,68.41837333697704,88.20734921171156,83.27620489477786,8.538719183705455,0.19177054651600045,1.5,0.7047707186064002,0.7886005613640715,False
448,PCM-A,4.0,0.5,0.05,0.5,40,continuous,20,0,0.9501385787369497,1.0,0.5322218010827632,0.8247177347525284,68.36893786747198,87.63026045529735,83.26137425392633,8.44640524588611,0.3022930408957075,1.5,0.846479716358283,0.778644280289836,False
449,PCM-A,4.0,0.5,0.05,1.0,10,10/10,10,10,0.740372585328781,0.5,0.49437882122335325,0.553327938766719,67.0938272775299,88.1661936383502,81.83001110990287,8.995669633678306,0.1360763590310338,1.5,0.6248367936124135,0.7895558482379549,False
450,PCM-A,4.0,0.5,0.05,1.0,10,15/15,15,15,0.740372585328781,0.5,0.49437882122335325,0.5629686250516184,67.0938272775299,88.12757411104727,81.83001110990287,8.99036725622161,0.14085941013000428,1.5,0.6267500140520017,0.788983074139203,False
451,PCM-A,4.0,0.5,0.05,1.0,10,20/20,20,20,0.740372585328781,0.5,0.49437882122335325,0.5703495207021536,67.0938272775299,88.09825767431991,81.83001110990287,8.986307763613816,0.14457714478452283,1.5,0.6282371079138092,0.7885450202447766,False
452,PCM-A,4.0,0.5,0.05,1.0,10,continuous,20,0,0.740372585328781,1.0,0.49437882122335325,0.6906990414043073,67.0938272775299,87.6495419856182,81.83001110990287,8.920115527227631,0.21202896257636844,1.5,0.7527178350305475,0.7814562338541978,False
453,PCM-A,4.0,0.5,0.05,1.0,20,10/10,10,10,0.8502080123358642,0.5,0.5141937577845473,0.5219901328670464,67.79046389155087,88.52422293172346,82.58817922914459,9.012905426923124,0.12109942169358079,1.5,0.6308460186774323,0.7976055741171754,False
454,PCM-A,4.0,0.5,0.05,1.0,20,15/15,15,15,0.8502080123358642,0.5,0.5141937577845473,0.5330610299886598,67.79046389155087,88.47849499313736,82.58817922914459,9.006816433506238,0.12629069408558702,1.5,0.6329225276342348,0.7969452904627721,False
455,PCM-A,4.0,0.5,0.05,1.0,20,20/20,20,20,0.8502080123358642,0.5,0.5141937577845473,0.5415368930131036,67.79046389155087,88.44382631400194,82.58817922914459,9.002154708842793,0.1303387584419047,1.5,0.6345417533767619,0.79644040488022,False
456,PCM-A,4.0,0.5,0.05,1.0,20,continuous,20,0,0.8502080123358642,1.0,0.5141937577845473,0.6797404526928739,67.79046389155087,87.91809258776259,82.58817922914459,8.92614275101892,0.20535425912316138,1.5,0.7620479536492646,0.7882807573067917,False
457,PCM-A,4.0,0.5,0.05,1.0,30,10/10,10,10,0.9135775411206606,0.5,0.5256259816762298,0.5308341161799125,68.18928714775664,88.61926422493451,83.0246738499303,9.008041236101048,0.12523771506689282,1.5,0.6525013360267572,0.8006334666024646,False
458,PCM-A,4.0,0.5,0.05,1.0,30,15/15,15,15,0.9135775411206606,0.5,0.5256259816762298,0.5427301731725722,68.18928714775664,88.57058068904061,83.0246738499303,9.001498404755086,0.1309137959430801,1.5,0.654771768377232,0.7999248022291126,False
459,PCM-A,4.0,0.5,0.05,1.0,30,20/20,20,20,0.9135775411206606,0.5,0.5256259816762298,0.5518377774157653,68.18928714775664,88.5336981100444,83.0246738499303,8.99648922242133,0.13534441448140969,1.5,0.6565440157925639,0.7993829664154715,False
460,PCM-A,4.0,0.5,0.05,1.0,30,continuous,20,0,0.9135775411206606,1.0,0.5256259816762298,0.7003422214981972,68.18928714775664,87.97737249366233,83.0246738499303,8.914811778175991,0.21799076765023553,1.5,0.7871025570600942,0.7906309580053531,False
461,PCM-A,4.0,0.5,0.05,1.0,40,10/10,10,10,0.9501385787369497,0.5,0.5322218010827632,0.5826033173419456,68.41837333697704,88.48716188477212,83.27620489477786,8.57956817546193,0.15085627794570655,1.5,0.6907487611782827,0.7929805730394653,False
462,PCM-A,4.0,0.5,0.05,1.0,40,15/15,15,15,0.9501385787369497,0.5,0.5322218010827632,0.5949754501657389,68.41837333697704,88.43909594882776,83.27620489477786,8.572763502408844,0.15733146057774386,1.5,0.6933388342310975,0.7922482694290005,False
463,PCM-A,4.0,0.5,0.05,1.0,40,20/20,20,20,0.9501385787369497,0.5,0.5322218010827632,0.6044475373852991,68.41837333697704,88.40269657107203,83.27620489477786,8.567553854438087,0.16238081131162338,1.5,0.6953585745246494,0.7916883545255744,False
464,PCM-A,4.0,0.5,0.05,1.0,40,continuous,20,0,0.9501385787369497,1.0,0.5322218010827632,0.758895074770598,68.41837333697704,87.85534734438997,83.27620489477786,8.482607708876172,0.25596521533825406,1.5,0.8302923361353017,0.7826435761728985,False
465,PCM-A,4.0,0.5,0.05,2.0,10,10/10,10,10,0.740372585328781,0.5,0.49437882122335325,0.509165535998852,67.0938272775299,88.34794116078263,81.83001110990287,9.019958955200632,0.11522201913288808,1.5,0.6258700576531552,0.792188534002474,False
466,PCM-A,4.0,0.5,0.05,2.0,10,15/15,15,15,0.740372585328781,0.5,0.49437882122335325,0.5180367764617649,67.0938272775299,88.31078509976426,81.83001110990287,9.01507977294603,0.11927204522973181,1.5,0.6274900680918927,0.7916584956681897,False
467,PCM-A,4.0,0.5,0.05,2.0,10,20/20,20,20,0.740372585328781,0.5,0.49437882122335325,0.5248285854899383,67.0938272775299,88.28256042120246,81.83001110990287,9.011344277980534,0.12242001962105309,1.5,0.6287492578484212,0.7912531074620645,False
468,PCM-A,4.0,0.5,0.05,2.0,10,continuous,20,0,0.740372585328781,1.0,0.49437882122335325,0.6355727281986828,67.0938272775299,87.84838746510678,81.83001110990287,8.950434999490724,0.17953453014662965,1.5,0.7490950620586518,0.7846909563774285,False
469,PCM-A,4.0,0.5,0.05,2.0,20,10/10,10,10,0.8502080123358642,0.5,0.5141937577845473,0.48032887401229385,67.79046389155087,88.70091254863402,82.58817922914459,9.035819119293238,0.10254036764885247,1.5,0.6327973970595409,0.8000987904714374,False
470,PCM-A,4.0,0.5,0.05,2.0,20,15/15,15,15,0.8502080123358642,0.5,0.5141937577845473,0.4905161768249409,67.79046389155087,88.65702484987068,82.58817922914459,9.030216102746284,0.10693605321198077,1.5,0.6345556712847922,0.7994878762842723,False
471,PCM-A,4.0,0.5,0.05,2.0,20,20/20,20,20,0.8502080123358642,0.5,0.5141937577845473,0.49831556130842214,67.79046389155087,88.62372537481411,82.58817922914459,9.025926441280369,0.1103637327298346,1.5,0.6359267430919338,0.7990207148824684,False
472,PCM-A,4.0,0.5,0.05,2.0,20,continuous,20,0,0.8502080123358642,1.0,0.5141937577845473,0.6254887701981446,67.79046389155087,88.11585219248241,82.58817922914459,8.95598117639102,0.1738827562862166,1.5,0.7588343525144866,0.7914679648720785,False
473,PCM-A,4.0,0.5,0.05,2.0,30,10/10,10,10,0.9135775411206606,0.5,0.5256259816762298,0.48846699823912565,68.18928714775664,88.79742866106835,83.0246738499303,9.031343150968482,0.10604444816388534,1.5,0.6541990292655541,0.80316613047208,False
474,PCM-A,4.0,0.5,0.05,2.0,30,15/15,15,15,0.9135775411206606,0.5,0.5256259816762298,0.49941360297490084,68.18928714775664,88.75066978128108,83.0246738499303,9.025322518363804,0.11085064303838751,1.5,0.656121507215355,0.8025104182273488,False
475,PCM-A,4.0,0.5,0.05,2.0,30,20/20,20,20,0.9135775411206606,0.5,0.5256259816762298,0.5077943079262659,68.18928714775664,88.7152156014384,83.0246738499303,9.020713130640555,0.11460224851658461,1.5,0.6576221494066338,0.8020090394764958,False
476,PCM-A,4.0,0.5,0.05,2.0,30,continuous,20,0,0.9135775411206606,1.0,0.5256259816762298,0.644446263433832,68.18928714775664,88.1771367905108,83.0246738499303,8.945554555111393,0.1845826606461458,1.5,0.7831143142584583,0.793907424497168,False
477,PCM-A,4.0,0.5,0.05,2.0,40,10/10,10,10,0.9501385787369497,0.5,0.5322218010827632,0.5361043778311434,68.41837333697704,88.6732231301242,83.27620489477786,8.605142592192871,0.1277368461909855,1.5,0.6908759884763942,0.7957427925416414,False
478,PCM-A,4.0,0.5,0.05,2.0,40,15/15,15,15,0.9501385787369497,0.5,0.5322218010827632,0.5474890616674888,68.41837333697704,88.62686541375115,83.27620489477786,8.598881016082881,0.13321967673135438,1.5,0.6930691206925417,0.795065020217093,False
479,PCM-A,4.0,0.5,0.05,2.0,40,20/20,20,20,0.9501385787369497,0.5,0.5322218010827632,0.5562051593525698,68.41837333697704,88.59172900678024,83.27620489477786,8.594087162356088,0.13749519079574113,1.5,0.6947793263182964,0.7945467718832714,False
480,PCM-A,4.0,0.5,0.05,2.0,40,continuous,20,0,0.9501385787369497,1.0,0.5322218010827632,0.6983258759239455,68.41837333697704,88.05998461956581,83.27620489477786,8.51592076824183,0.21673734621553142,1.5,0.8239761884862126,0.7861722106261337,False
481,PCM-A,4.0,0.5,0.1,0.5,10,10/10,10,10,0.740372585328781,0.5,0.430381761297664,0.6013207614674775,66.21421755309561,87.68730264960747,81.56612819257259,8.969273581192889,0.1607051814097009,1.5,0.6323445725638803,0.7747726724117826,False
482,PCM-A,4.0,0.5,0.1,0.5,10,15/15,15,15,0.740372585328781,0.5,0.430381761297664,0.6117976313519544,66.21421755309561,87.64731680585405,81.56612819257259,8.963511302756427,0.16635392965682755,1.5,0.6346040718627309,0.774153868181328,False
483,PCM-A,4.0,0.5,0.1,0.5,10,20/20,20,20,0.740372585328781,0.5,0.430381761297664,0.619818707972058,66.21421755309561,87.61698559283589,81.56612819257259,8.95909971061537,0.1707445470009561,1.5,0.6363603188003824,0.7736806312272957,False
484,PCM-A,4.0,0.5,0.1,0.5,10,continuous,20,0,0.740372585328781,1.0,0.430381761297664,0.7506067278073899,66.21421755309561,87.15525208473005,81.56612819257259,8.887166299705937,0.2504046488132076,1.5,0.7657243595252831,0.7660246586361238,False
485,PCM-A,4.0,0.5,0.1,0.5,20,10/10,10,10,0.8502080123358642,0.5,0.44763166548268846,0.5672648752812285,66.89818114647886,88.04592014824098,82.32049440562298,8.988004318595324,0.143017528323479,1.5,0.6372695113293916,0.7825807614237751,False
486,PCM-A,4.0,0.5,0.1,0.5,20,15/15,15,15,0.8502080123358642,0.5,0.44763166548268846,0.5792960051427251,66.89818114647886,87.99844847473527,82.32049440562298,8.981387197171502,0.14914838292192006,1.5,0.639721853168768,0.7818672975050259,False
487,PCM-A,4.0,0.5,0.1,0.5,20,20/20,20,20,0.8502080123358642,0.5,0.44763166548268846,0.5885070209813837,66.89818114647886,87.96248829122925,82.32049440562298,8.97632113846024,0.15392911721972571,1.5,0.6416341468878902,0.7813217772217765,False
488,PCM-A,4.0,0.5,0.1,0.5,20,continuous,20,0,0.8502080123358642,1.0,0.44763166548268846,0.7386976474105907,66.89818114647886,87.42054961437087,82.32049440562298,8.893716293924175,0.24252187301775174,1.5,0.7745712492071006,0.7725084896028125,False
489,PCM-A,4.0,0.5,0.1,0.5,30,10/10,10,10,0.9135775411206606,0.5,0.45758399443132003,0.5768759402709187,67.29022392657423,88.13732569887168,82.75495488357556,8.982718232850996,0.1479048224282029,1.5,0.6592244289712811,0.7853421118254623,False
490,PCM-A,4.0,0.5,0.1,0.5,30,15/15,15,15,0.9135775411206606,0.5,0.45758399443132003,0.589803800131439,67.29022392657423,88.08682627618347,82.75495488357556,8.975607909927708,0.1546082322886606,1.5,0.6619057929154641,0.784576409823428,False
491,PCM-A,4.0,0.5,0.1,0.5,30,20/20,20,20,0.9135775411206606,0.5,0.45758399443132003,0.5997013511766072,67.29022392657423,88.04860283341236,82.75495488357556,8.970164256852867,0.15984076026802146,1.5,0.6639988041072086,0.7839909969356037,False
492,PCM-A,4.0,0.5,0.1,0.5,30,continuous,20,0,0.9135775411206606,1.0,0.45758399443132003,0.7610863078010375,67.29022392657423,87.47588460789217,82.75495488357556,8.88140253070943,0.257445496854318,1.5,0.8005406987417272,0.7745385070779691,False
493,PCM-A,4.0,0.5,0.1,0.5,40,10/10,10,10,0.9501385787369497,0.5,0.46332598873107717,0.6331353359788245,67.51557009813942,87.99661006508737,83.00536392312657,8.551775565211647,0.1781601571844529,1.5,0.6993265628737811,0.7773133595027137,False
494,PCM-A,4.0,0.5,0.1,0.5,40,15/15,15,15,0.9501385787369497,0.5,0.46332598873107717,0.6465805640422437,67.51557009813942,87.94697567293773,83.00536392312657,8.544380689776766,0.18580730035430493,1.5,0.7023854201417219,0.7765223246257672,False
495,PCM-A,4.0,0.5,0.1,0.5,40,20/20,20,20,0.9501385787369497,0.5,0.46332598873107717,0.6568742114446273,67.51557009813942,87.90942414289515,83.00536392312657,8.538719183705455,0.19177054651600045,1.5,0.7047707186064002,0.7759175346748056,False
496,PCM-A,4.0,0.5,0.1,0.5,40,continuous,20,0,0.9501385787369497,1.0,0.46332598873107717,0.8247177347525284,67.46613462863436,87.33233538648093,82.99053328227505,8.44640524588611,0.3022930408957075,1.5,0.846479716358283,0.7659612536005702,False
497,PCM-A,4.0,0.5,0.1,1.0,10,10/10,10,10,0.740372585328781,0.5,0.430381761297664,0.553327938766719,66.21421755309561,87.87592242928689,81.56612819257259,8.995669633678306,0.1360763590310338,1.5,0.6248367936124135,0.7776173432901703,False
498,PCM-A,4.0,0.5,0.1,1.0,10,15/15,15,15,0.740372585328781,0.5,0.430381761297664,0.5629686250516184,66.21421755309561,87.83730290198396,81.56612819257259,8.99036725622161,0.14085941013000428,1.5,0.6267500140520017,0.7770445691914184,False
499,PCM-A,4.0,0.5,0.1,1.0,10,20/20,20,20,0.740372585328781,0.5,0.430381761297664,0.5703495207021536,66.21421755309561,87.8079864652566,81.56612819257259,8.986307763613816,0.14457714478452283,1.5,0.6282371079138092,0.7766065152969921,False
500,PCM-A,4.0,0.5,0.1,1.0,10,continuous,20,0,0.740372585328781,1.0,0.430381761297664,0.6906990414043073,66.21421755309561,87.3592707765549,81.56612819257259,8.920115527227631,0.21202896257636844,1.5,0.7527178350305475,0.7695177289064131,False
501,PCM-A,4.0,0.5,0.1,1.0,20,10/10,10,10,0.8502080123358642,0.5,0.44763166548268846,0.5219901328670464,66.89818114647886,88.2297696258497,82.32049440562298,9.012905426923124,0.12109942169358079,1.5,0.6308460186774323,0.7852752024241324,False
502,PCM-A,4.0,0.5,0.1,1.0,20,15/15,15,15,0.8502080123358642,0.5,0.44763166548268846,0.5330610299886598,66.89818114647886,88.1840416872636,82.32049440562298,9.006816433506238,0.12629069408558702,1.5,0.6329225276342348,0.7846149187697291,False
503,PCM-A,4.0,0.5,0.1,1.0,20,20/20,20,20,0.8502080123358642,0.5,0.44763166548268846,0.5415368930131036,66.89818114647886,88.14937300812818,82.32049440562298,9.002154708842793,0.1303387584419047,1.5,0.6345417533767619,0.7841100331871771,False
504,PCM-A,4.0,0.5,0.1,1.0,20,continuous,20,0,0.8502080123358642,1.0,0.44763166548268846,0.6797404526928739,66.89818114647886,87.62363928188883,82.32049440562298,8.92614275101892,0.20535425912316138,1.5,0.7620479536492646,0.7759503856137487,False
505,PCM-A,4.0,0.5,0.1,1.0,30,10/10,10,10,0.9135775411206606,0.5,0.45758399443132003,0.5308341161799125,67.29022392657423,88.32257336194431,82.75495488357556,9.008041236101048,0.12523771506689282,1.5,0.6525013360267572,0.7880790454403106,False
506,PCM-A,4.0,0.5,0.1,1.0,30,15/15,15,15,0.9135775411206606,0.5,0.45758399443132003,0.5427301731725722,67.29022392657423,88.27388982605044,82.75495488357556,9.001498404755086,0.1309137959430801,1.5,0.654771768377232,0.7873703810669586,False
507,PCM-A,4.0,0.5,0.1,1.0,30,20/20,20,20,0.9135775411206606,0.5,0.45758399443132003,0.5518377774157653,67.29022392657423,88.23700724705421,82.75495488357556,8.99648922242133,0.13534441448140969,1.5,0.6565440157925639,0.7868285452533175,False
508,PCM-A,4.0,0.5,0.1,1.0,30,continuous,20,0,0.9135775411206606,1.0,0.45758399443132003,0.7003422214981972,67.29022392657423,87.68068163067214,82.75495488357556,8.914811778175991,0.21799076765023553,1.5,0.7871025570600942,0.7780765368431991,False
509,PCM-A,4.0,0.5,0.1,1.0,40,10/10,10,10,0.9501385787369497,0.5,0.46332598873107717,0.5826033173419456,67.51557009813942,88.18923681595571,83.00536392312657,8.57956817546193,0.15085627794570655,1.5,0.6907487611782827,0.7802975463501994,False
510,PCM-A,4.0,0.5,0.1,1.0,40,15/15,15,15,0.9501385787369497,0.5,0.46332598873107717,0.5949754501657389,67.51557009813942,88.14117088001134,83.00536392312657,8.572763502408844,0.15733146057774386,1.5,0.6933388342310975,0.7795652427397346,False
511,PCM-A,4.0,0.5,0.1,1.0,40,20/20,20,20,0.9501385787369497,0.5,0.46332598873107717,0.6044475373852991,67.51557009813942,88.10477150225562,83.00536392312657,8.567553854438087,0.16238081131162338,1.5,0.6953585745246494,0.7790053278363085,False
512,PCM-A,4.0,0.5,0.1,1.0,40,continuous,20,0,0.9501385787369497,1.0,0.46332598873107717,0.758895074770598,67.51557009813942,87.55742227557356,83.00536392312657,8.482607708876172,0.25596521533825406,1.5,0.8302923361353017,0.7699605494836327,False
513,PCM-A,4.0,0.5,0.1,2.0,10,10/10,10,10,0.740372585328781,0.5,0.430381761297664,0.509165535998852,66.21421755309561,88.05766995171932,81.56612819257259,9.019958955200632,0.11522201913288808,1.5,0.6258700576531552,0.7802500290546894,False
514,PCM-A,4.0,0.5,0.1,2.0,10,15/15,15,15,0.740372585328781,0.5,0.430381761297664,0.5180367764617649,66.21421755309561,88.02051389070095,81.56612819257259,9.01507977294603,0.11927204522973181,1.5,0.6274900680918927,0.779719990720405,False
515,PCM-A,4.0,0.5,0.1,2.0,10,20/20,20,20,0.740372585328781,0.5,0.430381761297664,0.5248285854899383,66.21421755309561,87.99228921213916,81.56612819257259,9.011344277980534,0.12242001962105309,1.5,0.6287492578484212,0.7793146025142799,False
516,PCM-A,4.0,0.5,0.1,2.0,10,continuous,20,0,0.740372585328781,1.0,0.430381761297664,0.6355727281986828,66.21421755309561,87.55811625604348,81.56612819257259,8.950434999490724,0.17953453014662965,1.5,0.7490950620586518,0.7727524514296438,False
517,PCM-A,4.0,0.5,0.1,2.0,20,10/10,10,10,0.8502080123358642,0.5,0.44763166548268846,0.48032887401229385,66.89818114647886,88.40645924276026,82.32049440562298,9.035819119293238,0.10254036764885247,1.5,0.6327973970595409,0.7877684187783942,False
518,PCM-A,4.0,0.5,0.1,2.0,20,15/15,15,15,0.8502080123358642,0.5,0.44763166548268846,0.4905161768249409,66.89818114647886,88.36257154399692,82.32049440562298,9.030216102746284,0.10693605321198077,1.5,0.6345556712847922,0.7871575045912294,False
519,PCM-A,4.0,0.5,0.1,2.0,20,20/20,20,20,0.8502080123358642,0.5,0.44763166548268846,0.49831556130842214,66.89818114647886,88.32927206894036,82.32049440562298,9.025926441280369,0.1103637327298346,1.5,0.6359267430919338,0.7866903431894254,False
520,PCM-A,4.0,0.5,0.1,2.0,20,continuous,20,0,0.8502080123358642,1.0,0.44763166548268846,0.6254887701981446,66.89818114647886,87.82139888660865,82.32049440562298,8.95598117639102,0.1738827562862166,1.5,0.7588343525144866,0.7791375931790355,False
521,PCM-A,4.0,0.5,0.1,2.0,30,10/10,10,10,0.9135775411206606,0.5,0.45758399443132003,0.48846699823912565,67.29022392657423,88.50073779807816,82.75495488357556,9.031343150968482,0.10604444816388534,1.5,0.6541990292655541,0.790611709309926,False
522,PCM-A,4.0,0.5,0.1,2.0,30,15/15,15,15,0.9135775411206606,0.5,0.45758399443132003,0.49941360297490084,67.29022392657423,88.45397891829089,82.75495488357556,9.025322518363804,0.11085064303838751,1.5,0.656121507215355,0.7899559970651948,False
523,PCM-A,4.0,0.5,0.1,2.0,30,20/20,20,20,0.9135775411206606,0.5,0.45758399443132003,0.5077943079262659,67.29022392657423,88.41852473844821,82.75495488357556,9.020713130640555,0.11460224851658461,1.5,0.6576221494066338,0.7894546183143419,False
524,PCM-A,4.0,0.5,0.1,2.0,30,continuous,20,0,0.9135775411206606,1.0,0.45758399443132003,0.644446263433832,67.29022392657423,87.88044592752061,82.75495488357556,8.945554555111393,0.1845826606461458,1.5,0.7831143142584583,0.7813530033350141,False
525,PCM-A,4.0,0.5,0.1,2.0,40,10/10,10,10,0.9501385787369497,0.5,0.46332598873107717,0.5361043778311434,67.51557009813942,88.37529806130779,83.00536392312657,8.605142592192871,0.1277368461909855,1.5,0.6908759884763942,0.7830597658523755,False
526,PCM-A,4.0,0.5,0.1,2.0,40,15/15,15,15,0.9501385787369497,0.5,0.46332598873107717,0.5474890616674888,67.51557009813942,88.32894034493474,83.00536392312657,8.598881016082881,0.13321967673135438,1.5,0.6930691206925417,0.7823819935278271,False
527,PCM-A,4.0,0.5,0.1,2.0,40,20/20,20,20,0.9501385787369497,0.5,0.46332598873107717,0.5562051593525698,67.51557009813942,88.29380393796382,83.00536392312657,8.594087162356088,0.13749519079574113,1.5,0.6947793263182964,0.7818637451940055,False
528,PCM-A,4.0,0.5,0.1,2.0,40,continuous,20,0,0.9501385787369497,1.0,0.46332598873107717,0.6983258759239455,67.51557009813942,87.7620595507494,83.00536392312657,8.51592076824183,0.21673734621553142,1.5,0.8239761884862126,0.7734891839368678,False
529,PCM-A,4.0,0.5,0.3,0.5,10,10/10,10,10,0.740372585328781,0.5,0.34548532721720554,0.6013207614674775,64.92368192045227,87.26142589083516,81.17896750277959,8.969273581192889,0.1607051814097009,1.5,0.6323445725638803,0.7584609750592155,False
530,PCM-A,4.0,0.5,0.3,0.5,10,15/15,15,15,0.740372585328781,0.5,0.34548532721720554,0.6117976313519544,64.92368192045227,87.22144004708173,81.17896750277959,8.963511302756427,0.16635392965682755,1.5,0.6346040718627309,0.7578421708287612,False
531,PCM-A,4.0,0.5,0.3,0.5,10,20/20,20,20,0.740372585328781,0.5,0.34548532721720554,0.619818707972058,64.92368192045227,87.19110883406357,81.17896750277959,8.95909971061537,0.1707445470009561,1.5,0.6363603188003824,0.7573689338747287,False
532,PCM-A,4.0,0.5,0.3,0.5,10,continuous,20,0,0.740372585328781,1.0,0.34548532721720554,0.7506067278073899,64.92368192045227,86.72937532595773,81.17896750277959,8.887166299705937,0.2504046488132076,1.5,0.7657243595252831,0.7497129612835567,False
533,PCM-A,4.0,0.5,0.3,0.5,20,10/10,10,10,0.8502080123358642,0.5,0.35933254224290645,0.5672648752812285,65.58374258484837,87.61215542290292,81.92616283713383,8.988004318595324,0.143017528323479,1.5,0.6372695113293916,0.7657220211978487,False
534,PCM-A,4.0,0.5,0.3,0.5,20,15/15,15,15,0.8502080123358642,0.5,0.35933254224290645,0.5792960051427251,65.58374258484837,87.5646837493972,81.92616283713383,8.981387197171502,0.14914838292192006,1.5,0.639721853168768,0.7650085572790996,False
535,PCM-A,4.0,0.5,0.3,0.5,20,20/20,20,20,0.8502080123358642,0.5,0.35933254224290645,0.5885070209813837,65.58374258484837,87.52872356589118,81.92616283713383,8.97632113846024,0.15392911721972571,1.5,0.6416341468878902,0.7644630369958502,False
536,PCM-A,4.0,0.5,0.3,0.5,20,continuous,20,0,0.8502080123358642,1.0,0.35933254224290645,0.7386976474105907,65.58374258484837,86.9867848890328,81.92616283713383,8.893716293924175,0.24252187301775174,1.5,0.7745712492071006,0.7556497493768861,False
537,PCM-A,4.0,0.5,0.3,0.5,30,10/10,10,10,0.9135775411206606,0.5,0.3673216903262825,0.5768759402709187,65.96270001729869,87.69924280881075,82.3566977107929,8.982718232850996,0.1479048224282029,1.5,0.6592244289712811,0.7681704616778616,False
538,PCM-A,4.0,0.5,0.3,0.5,30,15/15,15,15,0.9135775411206606,0.5,0.3673216903262825,0.589803800131439,65.96270001729869,87.64874338612255,82.3566977107929,8.975607909927708,0.1546082322886606,1.5,0.6619057929154641,0.7674047596758273,False
539,PCM-A,4.0,0.5,0.3,0.5,30,20/20,20,20,0.9135775411206606,0.5,0.3673216903262825,0.5997013511766072,65.96270001729869,87.61051994335143,82.3566977107929,8.970164256852867,0.15984076026802146,1.5,0.6639988041072086,0.7668193467880033,False
540,PCM-A,4.0,0.5,0.3,0.5,30,continuous,20,0,0.9135775411206606,1.0,0.3673216903262825,0.7610863078010375,65.96270001729869,87.03780171783123,82.3566977107929,8.88140253070943,0.257445496854318,1.5,0.8005406987417272,0.7573668569303684,False
541,PCM-A,4.0,0.5,0.3,0.5,40,10/10,10,10,0.9501385787369497,0.5,0.37193102779808784,0.6331353359788245,66.18072616656085,87.55611156766643,82.604910743653,8.551775565211647,0.1781601571844529,1.5,0.6993265628737811,0.7599620567442092,False
542,PCM-A,4.0,0.5,0.3,0.5,40,15/15,15,15,0.9501385787369497,0.5,0.37193102779808784,0.6465805640422437,66.18072616656085,87.50647717551679,82.604910743653,8.544380689776766,0.18580730035430493,1.5,0.7023854201417219,0.7591710218672628,False
543,PCM-A,4.0,0.5,0.3,0.5,40,20/20,20,20,0.9501385787369497,0.5,0.37193102779808784,0.6568742114446273,66.18072616656085,87.46892564547422,82.604910743653,8.538719183705455,0.19177054651600045,1.5,0.7047707186064002,0.7585662319163012,False
544,PCM-A,4.0,0.5,0.3,0.5,40,continuous,20,0,0.9501385787369497,1.0,0.37193102779808784,0.8247177347525284,66.13129069705579,86.89183688906,82.59008010280148,8.44640524588611,0.3022930408957075,1.5,0.846479716358283,0.7486099508420657,False
545,PCM-A,4.0,0.5,0.3,1.0,10,10/10,10,10,0.740372585328781,0.5,0.34548532721720554,0.553327938766719,64.92368192045227,87.45004567051457,81.17896750277959,8.995669633678306,0.1360763590310338,1.5,0.6248367936124135,0.7613056459376032,False
546,PCM-A,4.0,0.5,0.3,1.0,10,15/15,15,15,0.740372585328781,0.5,0.34548532721720554,0.5629686250516184,64.92368192045227,87.41142614321164,81.17896750277959,8.99036725622161,0.14085941013000428,1.5,0.6267500140520017,0.7607328718388513,False
547,PCM-A,4.0,0.5,0.3,1.0,10,20/20,20,20,0.740372585328781,0.5,0.34548532721720554,0.5703495207021536,64.92368192045227,87.38210970648429,81.17896750277959,8.986307763613816,0.14457714478452283,1.5,0.6282371079138092,0.760294817944425,False
548,PCM-A,4.0,0.5,0.3,1.0,10,continuous,20,0,0.740372585328781,1.0,0.34548532721720554,0.6906990414043073,64.92368192045227,86.93339401778258,81.17896750277959,8.920115527227631,0.21202896257636844,1.5,0.7527178350305475,0.7532060315538462,False
549,PCM-A,4.0,0.5,0.3,1.0,20,10/10,10,10,0.8502080123358642,0.5,0.35933254224290645,0.5219901328670464,65.58374258484837,87.79600490051163,81.92616283713383,9.012905426923124,0.12109942169358079,1.5,0.6308460186774323,0.7684164621982059,False
550,PCM-A,4.0,0.5,0.3,1.0,20,15/15,15,15,0.8502080123358642,0.5,0.35933254224290645,0.5330610299886598,65.58374258484837,87.75027696192554,81.92616283713383,9.006816433506238,0.12629069408558702,1.5,0.6329225276342348,0.7677561785438027,False
551,PCM-A,4.0,0.5,0.3,1.0,20,20/20,20,20,0.8502080123358642,0.5,0.35933254224290645,0.5415368930131036,65.58374258484837,87.71560828279011,81.92616283713383,9.002154708842793,0.1303387584419047,1.5,0.6345417533767619,0.7672512929612507,False
552,PCM-A,4.0,0.5,0.3,1.0,20,continuous,20,0,0.8502080123358642,1.0,0.35933254224290645,0.6797404526928739,65.58374258484837,87.18987455655076,81.92616283713383,8.92614275101892,0.20535425912316138,1.5,0.7620479536492646,0.7590916453878223,False
553,PCM-A,4.0,0.5,0.3,1.0,30,10/10,10,10,0.9135775411206606,0.5,0.3673216903262825,0.5308341161799125,65.96270001729869,87.8844904718834,82.3566977107929,9.008041236101048,0.12523771506689282,1.5,0.6525013360267572,0.77090739529271,False
554,PCM-A,4.0,0.5,0.3,1.0,30,15/15,15,15,0.9135775411206606,0.5,0.3673216903262825,0.5427301731725722,65.96270001729869,87.8358069359895,82.3566977107929,9.001498404755086,0.1309137959430801,1.5,0.654771768377232,0.770198730919358,False
555,PCM-A,4.0,0.5,0.3,1.0,30,20/20,20,20,0.9135775411206606,0.5,0.3673216903262825,0.5518377774157653,65.96270001729869,87.79892435699328,82.3566977107929,8.99648922242133,0.13534441448140969,1.5,0.6565440157925639,0.7696568951057169,False
556,PCM-A,4.0,0.5,0.3,1.0,30,continuous,20,0,0.9135775411206606,1.0,0.3673216903262825,0.7003422214981972,65.96270001729869,87.24259874061121,82.3566977107929,8.914811778175991,0.21799076765023553,1.5,0.7871025570600942,0.7609048866955986,False
557,PCM-A,4.0,0.5,0.3,1.0,40,10/10,10,10,0.9501385787369497,0.5,0.37193102779808784,0.5826033173419456,66.18072616656085,87.74873831853478,82.604910743653,8.57956817546193,0.15085627794570655,1.5,0.6907487611782827,0.7629462435916949,False
558,PCM-A,4.0,0.5,0.3,1.0,40,15/15,15,15,0.9501385787369497,0.5,0.37193102779808784,0.5949754501657389,66.18072616656085,87.70067238259041,82.604910743653,8.572763502408844,0.15733146057774386,1.5,0.6933388342310975,0.7622139399812301,False
559,PCM-A,4.0,0.5,0.3,1.0,40,20/20,20,20,0.9501385787369497,0.5,0.37193102779808784,0.6044475373852991,66.18072616656085,87.66427300483468,82.604910743653,8.567553854438087,0.16238081131162338,1.5,0.6953585745246494,0.761654025077804,False
560,PCM-A,4.0,0.5,0.3,1.0,40,continuous,20,0,0.9501385787369497,1.0,0.37193102779808784,0.758895074770598,66.18072616656085,87.11692377815262,82.604910743653,8.482607708876172,0.25596521533825406,1.5,0.8302923361353017,0.7526092467251283,False
561,PCM-A,4.0,0.5,0.3,2.0,10,10/10,10,10,0.740372585328781,0.5,0.34548532721720554,0.509165535998852,64.92368192045227,87.631793192947,81.17896750277959,9.019958955200632,0.11522201913288808,1.5,0.6258700576531552,0.7639383317021223,False
562,PCM-A,4.0,0.5,0.3,2.0,10,15/15,15,15,0.740372585328781,0.5,0.34548532721720554,0.5180367764617649,64.92368192045227,87.59463713192864,81.17896750277959,9.01507977294603,0.11927204522973181,1.5,0.6274900680918927,0.7634082933678381,False
563,PCM-A,4.0,0.5,0.3,2.0,10,20/20,20,20,0.740372585328781,0.5,0.34548532721720554,0.5248285854899383,64.92368192045227,87.56641245336684,81.17896750277959,9.011344277980534,0.12242001962105309,1.5,0.6287492578484212,0.7630029051617128,False
564,PCM-A,4.0,0.5,0.3,2.0,10,continuous,20,0,0.740372585328781,1.0,0.34548532721720554,0.6355727281986828,64.92368192045227,87.13223949727116,81.17896750277959,8.950434999490724,0.17953453014662965,1.5,0.7490950620586518,0.7564407540770769,False
565,PCM-A,4.0,0.5,0.3,2.0,20,10/10,10,10,0.8502080123358642,0.5,0.35933254224290645,0.48032887401229385,65.58374258484837,87.97269451742221,81.92616283713383,9.035819119293238,0.10254036764885247,1.5,0.6327973970595409,0.7709096785524678,False
566,PCM-A,4.0,0.5,0.3,2.0,20,15/15,15,15,0.8502080123358642,0.5,0.35933254224290645,0.4905161768249409,65.58374258484837,87.92880681865884,81.92616283713383,9.030216102746284,0.10693605321198077,1.5,0.6345556712847922,0.7702987643653029,False
567,PCM-A,4.0,0.5,0.3,2.0,20,20/20,20,20,0.8502080123358642,0.5,0.35933254224290645,0.49831556130842214,65.58374258484837,87.89550734360229,81.92616283713383,9.025926441280369,0.1103637327298346,1.5,0.6359267430919338,0.769831602963499,False
568,PCM-A,4.0,0.5,0.3,2.0,20,continuous,20,0,0.8502080123358642,1.0,0.35933254224290645,0.6254887701981446,65.58374258484837,87.38763416127058,81.92616283713383,8.95598117639102,0.1738827562862166,1.5,0.7588343525144866,0.762278852953109,False
569,PCM-A,4.0,0.5,0.3,2.0,30,10/10,10,10,0.9135775411206606,0.5,0.3673216903262825,0.48846699823912565,65.96270001729869,88.06265490801724,82.3566977107929,9.031343150968482,0.10604444816388534,1.5,0.6541990292655541,0.7734400591623254,False
570,PCM-A,4.0,0.5,0.3,2.0,30,15/15,15,15,0.9135775411206606,0.5,0.3673216903262825,0.49941360297490084,65.96270001729869,88.01589602822996,82.3566977107929,9.025322518363804,0.11085064303838751,1.5,0.656121507215355,0.7727843469175941,False
571,PCM-A,4.0,0.5,0.3,2.0,30,20/20,20,20,0.9135775411206606,0.5,0.3673216903262825,0.5077943079262659,65.96270001729869,87.98044184838729,82.3566977107929,9.020713130640555,0.11460224851658461,1.5,0.6576221494066338,0.7722829681667412,False
572,PCM-A,4.0,0.5,0.3,2.0,30,continuous,20,0,0.9135775411206606,1.0,0.3673216903262825,0.644446263433832,65.96270001729869,87.44236303745969,82.3566977107929,8.945554555111393,0.1845826606461458,1.5,0.7831143142584583,0.7641813531874135,False
573,PCM-A,4.0,0.5,0.3,2.0,40,10/10,10,10,0.9501385787369497,0.5,0.37193102779808784,0.5361043778311434,66.18072616656085,87.93479956388686,82.604910743653,8.605142592192871,0.1277368461909855,1.5,0.6908759884763942,0.7657084630938711,False
574,PCM-A,4.0,0.5,0.3,2.0,40,15/15,15,15,0.9501385787369497,0.5,0.37193102779808784,0.5474890616674888,66.18072616656085,87.8884418475138,82.604910743653,8.598881016082881,0.13321967673135438,1.5,0.6930691206925417,0.7650306907693228,False
575,PCM-A,4.0,0.5,0.3,2.0,40,20/20,20,20,0.9501385787369497,0.5,0.37193102779808784,0.5562051593525698,66.18072616656085,87.8533054405429,82.604910743653,8.594087162356088,0.13749519079574113,1.5,0.6947793263182964,0.7645124424355011,False
576,PCM-A,4.0,0.5,0.3,2.0,40,continuous,20,0,0.9501385787369497,1.0,0.37193102779808784,0.6983258759239455,66.18072616656085,87.32156105332847,82.604910743653,8.51592076824183,0.21673734621553142,1.5,0.8239761884862126,0.7561378811783633,False
577,PCM-A,4.0,1.0,0.05,0.5,10,10/10,10,10,0.740372585328781,0.5,0.6614430474174015,0.6013207614674775,69.06199970487074,88.62707075969327,82.42046283810512,8.969273581192889,0.1607051814097009,0.9497886452273365,0.45862068903662806,0.8166181050559667,False
578,PCM-A,4.0,1.0,0.05,0.5,10,15/15,15,15,0.740372585328781,0.5,0.6614430474174015,0.6117976313519544,69.06199970487074,88.58708491593984,82.42046283810512,8.963511302756427,0.16635392965682755,0.9497886452273365,0.46088018833547867,0.8159993008255122,False
579,PCM-A,4.0,1.0,0.05,0.5,10,20/20,20,20,0.740372585328781,0.5,0.6614430474174015,0.619818707972058,69.06199970487074,88.55675370292168,82.42046283810512,8.95909971061537,0.1707445470009561,0.9497886452273365,0.4626364352731301,0.8155260638714797,False
580,PCM-A,4.0,1.0,0.05,0.5,10,continuous,20,0,0.740372585328781,1.0,0.6614430474174015,0.7506067278073899,69.06199970487074,88.09502019481585,82.42046283810512,8.887166299705937,0.2504046488132076,0.9497886452273365,0.5920004759980309,0.807870091280308,False
581,PCM-A,4.0,1.0,0.05,0.5,20,10/10,10,10,0.8502080123358642,0.5,0.6879539970389618,0.5672648752812285,69.77484419065634,88.99521895281954,83.18349331887622,8.988004318595324,0.143017528323479,0.8384291780551506,0.42791059830703976,0.8257762889856244,False
582,PCM-A,4.0,1.0,0.05,0.5,20,15/15,15,15,0.8502080123358642,0.5,0.6879539970389618,0.5792960051427251,69.77484419065634,88.94774727931383,83.18349331887622,8.981387197171502,0.14914838292192006,0.8384291780551506,0.43036294014641624,0.8250628250668751,False
583,PCM-A,4.0,1.0,0.05,0.5,20,20/20,20,20,0.8502080123358642,0.5,0.6879539970389618,0.5885070209813837,69.77484419065634,88.91178709580781,83.18349331887622,8.97632113846024,0.15392911721972571,0.8384291780551506,0.4322752338655385,0.8245173047836258,False
584,PCM-A,4.0,1.0,0.05,0.5,20,continuous,20,0,0.8502080123358642,1.0,0.6879539970389618,0.7386976474105907,69.77484419065634,88.36984841894943,83.18349331887622,8.893716293924175,0.24252187301775174,0.8384291780551506,0.565212336184749,0.8157040171646619,False
585,PCM-A,4.0,1.0,0.05,0.5,30,10/10,10,10,0.9135775411206606,0.5,0.7032494843961279,0.5768759402709187,70.18172352368815,89.09152056591927,83.62240476270973,8.982718232850996,0.1479048224282029,0.7773381315157453,0.4303163810563196,0.8293095700823934,False
586,PCM-A,4.0,1.0,0.05,0.5,30,15/15,15,15,0.9135775411206606,0.5,0.7032494843961279,0.589803800131439,70.18172352368815,89.04102114323106,83.62240476270973,8.975607909927708,0.1546082322886606,0.7773381315157453,0.43299774500050264,0.8285438680803593,False
587,PCM-A,4.0,1.0,0.05,0.5,30,20/20,20,20,0.9135775411206606,0.5,0.7032494843961279,0.5997013511766072,70.18172352368815,89.00279770045995,83.62240476270973,8.970164256852867,0.15984076026802146,0.7773381315157453,0.4350907561922471,0.8279584551925351,False
588,PCM-A,4.0,1.0,0.05,0.5,30,continuous,20,0,0.9135775411206606,1.0,0.7032494843961279,0.7610863078010375,70.18172352368815,88.43007947493976,83.62240476270973,8.88140253070943,0.257445496854318,0.7773381315157453,0.5716326508267657,0.8185059653349004,False
589,PCM-A,4.0,1.0,0.05,0.5,40,10/10,10,10,0.9501385787369497,0.5,0.7120742129265218,0.6331353359788245,70.41504215294819,88.95343584317425,83.8752055395692,8.551775565211647,0.1781601571844529,0.7431427964275437,0.4594760077305951,0.821723929186118,False
590,PCM-A,4.0,1.0,0.05,0.5,40,15/15,15,15,0.9501385787369497,0.5,0.7120742129265218,0.6465805640422437,70.41504215294819,88.9038014510246,83.8752055395692,8.544380689776766,0.18580730035430493,0.7431427964275437,0.46253486499853597,0.8209328943091715,False
591,PCM-A,4.0,1.0,0.05,0.5,40,20/20,20,20,0.9501385787369497,0.5,0.7120742129265218,0.6568742114446273,70.41504215294819,88.86624992098203,83.8752055395692,8.538719183705455,0.19177054651600045,0.7431427964275437,0.46492016346321413,0.8203281043582099,False
592,PCM-A,4.0,1.0,0.05,0.5,40,continuous,20,0,0.9501385787369497,1.0,0.7120742129265218,0.8247177347525284,70.36560668344313,88.28916116456783,83.86037489871768,8.44640524588611,0.3022930408957075,0.7431427964275437,0.606629161215097,0.8103718232839744,False
593,PCM-A,4.0,1.0,0.05,1.0,10,10/10,10,10,0.740372585328781,0.5,0.6614430474174015,0.553327938766719,69.06199970487074,88.81569053937268,82.42046283810512,8.995669633678306,0.1360763590310338,0.9497886452273365,0.4511129100851612,0.8194627759343542,False
594,PCM-A,4.0,1.0,0.05,1.0,10,15/15,15,15,0.740372585328781,0.5,0.6614430474174015,0.5629686250516184,69.06199970487074,88.77707101206975,82.42046283810512,8.99036725622161,0.14085941013000428,0.9497886452273365,0.4530261305247494,0.8188900018356025,False
595,PCM-A,4.0,1.0,0.05,1.0,10,20/20,20,20,0.740372585328781,0.5,0.6614430474174015,0.5703495207021536,69.06199970487074,88.7477545753424,82.42046283810512,8.986307763613816,0.14457714478452283,0.9497886452273365,0.45451322438655684,0.818451947941176,False
596,PCM-A,4.0,1.0,0.05,1.0,10,continuous,20,0,0.740372585328781,1.0,0.6614430474174015,0.6906990414043073,69.06199970487074,88.29903888664069,82.42046283810512,8.920115527227631,0.21202896257636844,0.9497886452273365,0.578993951503295,0.8113631615505973,False
597,PCM-A,4.0,1.0,0.05,1.0,20,10/10,10,10,0.8502080123358642,0.5,0.6879539970389618,0.5219901328670464,69.77484419065634,89.17906843042826,83.18349331887622,9.012905426923124,0.12109942169358079,0.8384291780551506,0.4214871056550805,0.8284707299859817,False
598,PCM-A,4.0,1.0,0.05,1.0,20,15/15,15,15,0.8502080123358642,0.5,0.6879539970389618,0.5330610299886598,69.77484419065634,89.13334049184216,83.18349331887622,9.006816433506238,0.12629069408558702,0.8384291780551506,0.4235636146118831,0.8278104463315785,False
599,PCM-A,4.0,1.0,0.05,1.0,20,20/20,20,20,0.8502080123358642,0.5,0.6879539970389618,0.5415368930131036,69.77484419065634,89.09867181270674,83.18349331887622,9.002154708842793,0.1303387584419047,0.8384291780551506,0.4251828403544101,0.8273055607490265,False
600,PCM-A,4.0,1.0,0.05,1.0,20,continuous,20,0,0.8502080123358642,1.0,0.6879539970389618,0.6797404526928739,69.77484419065634,88.57293808646739,83.18349331887622,8.92614275101892,0.20535425912316138,0.8384291780551506,0.5526890406269127,0.8191459131755978,False
601,PCM-A,4.0,1.0,0.05,1.0,30,10/10,10,10,0.9135775411206606,0.5,0.7032494843961279,0.5308341161799125,70.18172352368815,89.2767682289919,83.62240476270973,9.008041236101048,0.12523771506689282,0.7773381315157453,0.42359328811179564,0.8320465036972419,False
602,PCM-A,4.0,1.0,0.05,1.0,30,15/15,15,15,0.9135775411206606,0.5,0.7032494843961279,0.5427301731725722,70.18172352368815,89.22808469309803,83.62240476270973,9.001498404755086,0.1309137959430801,0.7773381315157453,0.4258637204622705,0.8313378393238898,False
603,PCM-A,4.0,1.0,0.05,1.0,30,20/20,20,20,0.9135775411206606,0.5,0.7032494843961279,0.5518377774157653,70.18172352368815,89.1912021141018,83.62240476270973,8.99648922242133,0.13534441448140969,0.7773381315157453,0.4276359678776024,0.8307960035102486,False
604,PCM-A,4.0,1.0,0.05,1.0,30,continuous,20,0,0.9135775411206606,1.0,0.7032494843961279,0.7003422214981972,70.18172352368815,88.63487649771973,83.62240476270973,8.914811778175991,0.21799076765023553,0.7773381315157453,0.5581945091451327,0.8220439951001304,False
605,PCM-A,4.0,1.0,0.05,1.0,40,10/10,10,10,0.9501385787369497,0.5,0.7120742129265218,0.5826033173419456,70.41504215294819,89.14606259404259,83.8752055395692,8.57956817546193,0.15085627794570655,0.7431427964275437,0.45089820603509667,0.8247081160336036,False
606,PCM-A,4.0,1.0,0.05,1.0,40,15/15,15,15,0.9501385787369497,0.5,0.7120742129265218,0.5949754501657389,70.41504215294819,89.09799665809822,83.8752055395692,8.572763502408844,0.15733146057774386,0.7431427964275437,0.45348827908791156,0.8239758124231388,False
607,PCM-A,4.0,1.0,0.05,1.0,40,20/20,20,20,0.9501385787369497,0.5,0.7120742129265218,0.6044475373852991,70.41504215294819,89.0615972803425,83.8752055395692,8.567553854438087,0.16238081131162338,0.7431427964275437,0.45550801938146335,0.8234158975197127,False
608,PCM-A,4.0,1.0,0.05,1.0,40,continuous,20,0,0.9501385787369497,1.0,0.7120742129265218,0.758895074770598,70.41504215294819,88.51424805366044,83.8752055395692,8.482607708876172,0.25596521533825406,0.7431427964275437,0.5904417809921156,0.8143711191670369,False
609,PCM-A,4.0,1.0,0.05,2.0,10,10/10,10,10,0.740372585328781,0.5,0.6614430474174015,0.509165535998852,69.06199970487074,88.99743806180511,82.42046283810512,9.019958955200632,0.11522201913288808,0.9497886452273365,0.4521461741259029,0.8220954616988735,False
610,PCM-A,4.0,1.0,0.05,2.0,10,15/15,15,15,0.740372585328781,0.5,0.6614430474174015,0.5180367764617649,69.06199970487074,88.96028200078675,82.42046283810512,9.01507977294603,0.11927204522973181,0.9497886452273365,0.4537661845646404,0.8215654233645892,False
611,PCM-A,4.0,1.0,0.05,2.0,10,20/20,20,20,0.740372585328781,0.5,0.6614430474174015,0.5248285854899383,69.06199970487074,88.93205732222495,82.42046283810512,9.011344277980534,0.12242001962105309,0.9497886452273365,0.4550253743211689,0.821160035158464,False
612,PCM-A,4.0,1.0,0.05,2.0,10,continuous,20,0,0.740372585328781,1.0,0.6614430474174015,0.6355727281986828,69.06199970487074,88.49788436612927,82.42046283810512,8.950434999490724,0.17953453014662965,0.9497886452273365,0.5753711785313996,0.8145978840738279,False
613,PCM-A,4.0,1.0,0.05,2.0,20,10/10,10,10,0.8502080123358642,0.5,0.6879539970389618,0.48032887401229385,69.77484419065634,89.35575804733884,83.18349331887622,9.035819119293238,0.10254036764885247,0.8384291780551506,0.42343848403718914,0.8309639463402436,False
614,PCM-A,4.0,1.0,0.05,2.0,20,15/15,15,15,0.8502080123358642,0.5,0.6879539970389618,0.4905161768249409,69.77484419065634,89.31187034857547,83.18349331887622,9.030216102746284,0.10693605321198077,0.8384291780551506,0.42519675826244047,0.8303530321530785,False
615,PCM-A,4.0,1.0,0.05,2.0,20,20/20,20,20,0.8502080123358642,0.5,0.6879539970389618,0.49831556130842214,69.77484419065634,89.27857087351892,83.18349331887622,9.025926441280369,0.1103637327298346,0.8384291780551506,0.42656783006958204,0.8298858707512747,False
616,PCM-A,4.0,1.0,0.05,2.0,20,continuous,20,0,0.8502080123358642,1.0,0.6879539970389618,0.6254887701981446,69.77484419065634,88.77069769118721,83.18349331887622,8.95598117639102,0.1738827562862166,0.8384291780551506,0.5494754394921348,0.8223331207408848,False
617,PCM-A,4.0,1.0,0.05,2.0,30,10/10,10,10,0.9135775411206606,0.5,0.7032494843961279,0.48846699823912565,70.18172352368815,89.45493266512575,83.62240476270973,9.031343150968482,0.10604444816388534,0.7773381315157453,0.42529098135059257,0.8345791675668571,False
618,PCM-A,4.0,1.0,0.05,2.0,30,15/15,15,15,0.9135775411206606,0.5,0.7032494843961279,0.49941360297490084,70.18172352368815,89.40817378533848,83.62240476270973,9.025322518363804,0.11085064303838751,0.7773381315157453,0.4272134593003935,0.833923455322126,False
619,PCM-A,4.0,1.0,0.05,2.0,30,20/20,20,20,0.9135775411206606,0.5,0.7032494843961279,0.5077943079262659,70.18172352368815,89.3727196054958,83.62240476270973,9.020713130640555,0.11460224851658461,0.7773381315157453,0.4287141014916723,0.8334220765712732,False
620,PCM-A,4.0,1.0,0.05,2.0,30,continuous,20,0,0.9135775411206606,1.0,0.7032494843961279,0.644446263433832,70.18172352368815,88.8346407945682,83.62240476270973,8.945554555111393,0.1845826606461458,0.7773381315157453,0.5542062663434968,0.8253204615919452,False
621,PCM-A,4.0,1.0,0.05,2.0,40,10/10,10,10,0.9501385787369497,0.5,0.7120742129265218,0.5361043778311434,70.41504215294819,89.33212383939467,83.8752055395692,8.605142592192871,0.1277368461909855,0.7431427964275437,0.45102543333320816,0.8274703355357798,False
622,PCM-A,4.0,1.0,0.05,2.0,40,15/15,15,15,0.9501385787369497,0.5,0.7120742129265218,0.5474890616674888,70.41504215294819,89.28576612302162,83.8752055395692,8.598881016082881,0.13321967673135438,0.7431427964275437,0.45321856554935575,0.8267925632112314,False
623,PCM-A,4.0,1.0,0.05,2.0,40,20/20,20,20,0.9501385787369497,0.5,0.7120742129265218,0.5562051593525698,70.41504215294819,89.2506297160507,83.8752055395692,8.594087162356088,0.13749519079574113,0.7431427964275437,0.4549287711751104,0.8262743148774097,False
624,PCM-A,4.0,1.0,0.05,2.0,40,continuous,20,0,0.9501385787369497,1.0,0.7120742129265218,0.6983258759239455,70.41504215294819,88.71888532883628,83.8752055395692,8.51592076824183,0.21673734621553142,0.7431427964275437,0.5841256333430266,0.817899753620272,False
625,PCM-A,4.0,1.0,0.1,0.5,10,10/10,10,10,0.740372585328781,0.5,0.5758196175175236,0.6013207614674775,68.10872139521983,88.31248891750846,82.13447934520985,8.969273581192889,0.1607051814097009,1.3568645598986435,0.5888849817314463,0.8015029764385837,False
626,PCM-A,4.0,1.0,0.1,0.5,10,15/15,15,15,0.740372585328781,0.5,0.5758196175175236,0.6117976313519544,68.10872139521983,88.27250307375503,82.13447934520985,8.963511302756427,0.16635392965682755,1.3568645598986435,0.591144481030297,0.8008841722081294,False
627,PCM-A,4.0,1.0,0.1,0.5,10,20/20,20,20,0.740372585328781,0.5,0.5758196175175236,0.619818707972058,68.10872139521983,88.24217186073687,82.13447934520985,8.95909971061537,0.1707445470009561,1.3568645598986435,0.5929007279679483,0.8004109352540968,False
628,PCM-A,4.0,1.0,0.1,0.5,10,continuous,20,0,0.740372585328781,1.0,0.5758196175175236,0.7506067278073899,68.10872139521983,87.78043835263104,82.13447934520985,8.887166299705937,0.2504046488132076,1.3568645598986435,0.7222647686928491,0.7927549626629251,False
629,PCM-A,4.0,1.0,0.1,0.5,20,10/10,10,10,0.8502080123358642,0.5,0.5988987396440882,0.5672648752812285,68.8159533937254,88.67878498983234,82.89582607979693,8.988004318595324,0.143017528323479,1.2400122129890536,0.5564171694858888,0.8101803877063463,False
630,PCM-A,4.0,1.0,0.1,0.5,20,15/15,15,15,0.8502080123358642,0.5,0.5988987396440882,0.5792960051427251,68.8159533937254,88.63131331632663,82.89582607979693,8.981387197171502,0.14914838292192006,1.2400122129890536,0.5588695113252653,0.8094669237875972,False
631,PCM-A,4.0,1.0,0.1,0.5,20,20/20,20,20,0.8502080123358642,0.5,0.5988987396440882,0.5885070209813837,68.8159533937254,88.5953531328206,82.89582607979693,8.97632113846024,0.15392911721972571,1.2400122129890536,0.5607818050443876,0.8089214035043478,False
632,PCM-A,4.0,1.0,0.1,0.5,20,continuous,20,0,0.8502080123358642,1.0,0.5988987396440882,0.7386976474105907,68.8159533937254,88.05341445596223,82.89582607979693,8.893716293924175,0.24252187301775174,1.2400122129890536,0.693718907363598,0.8001081158853839,False
633,PCM-A,4.0,1.0,0.1,0.5,30,10/10,10,10,0.9135775411206606,0.5,0.6122142347787578,0.5768759402709187,69.22023599175962,88.77422968038286,83.33395850313119,8.982718232850996,0.1479048224282029,1.1749874209998663,0.5575641536912385,0.8134387477297421,False
634,PCM-A,4.0,1.0,0.1,0.5,30,15/15,15,15,0.9135775411206606,0.5,0.6122142347787578,0.589803800131439,69.22023599175962,88.72373025769465,83.33395850313119,8.975607909927708,0.1546082322886606,1.1749874209998663,0.5602455176354215,0.8126730457277078,False
635,PCM-A,4.0,1.0,0.1,0.5,30,20/20,20,20,0.9135775411206606,0.5,0.6122142347787578,0.5997013511766072,69.22023599175962,88.68550681492354,83.33395850313119,8.970164256852867,0.15984076026802146,1.1749874209998663,0.5623385288271658,0.8120876328398837,False
636,PCM-A,4.0,1.0,0.1,0.5,30,continuous,20,0,0.9135775411206606,1.0,0.6122142347787578,0.7610863078010375,69.22023599175962,88.11278858940335,83.33395850313119,8.88140253070943,0.257445496854318,1.1749874209998663,0.6988804234616844,0.802635142982249,False
637,PCM-A,4.0,1.0,0.1,0.5,40,10/10,10,10,0.9501385787369497,0.5,0.6198966071718277,0.6331353359788245,69.45226149419315,88.6357182257851,83.58637134194268,8.551775565211647,0.1781601571844529,1.1382679891610983,0.5859160694053327,0.8056952778604237,False
638,PCM-A,4.0,1.0,0.1,0.5,40,15/15,15,15,0.9501385787369497,0.5,0.6198966071718277,0.6465805640422437,69.45226149419315,88.58608383363546,83.58637134194268,8.544380689776766,0.18580730035430493,1.1382679891610983,0.5889749266732734,0.8049042429834774,False
639,PCM-A,4.0,1.0,0.1,0.5,40,20/20,20,20,0.9501385787369497,0.5,0.6198966071718277,0.6568742114446273,69.45226149419315,88.54853230359288,83.58637134194268,8.538719183705455,0.19177054651600045,1.1382679891610983,0.5913602251379517,0.8042994530325156,False
640,PCM-A,4.0,1.0,0.1,0.5,40,continuous,20,0,0.9501385787369497,1.0,0.6198966071718277,0.8247177347525284,69.4028260246881,87.97144354717868,83.57154070109117,8.44640524588611,0.3022930408957075,1.1382679891610983,0.7330692228898346,0.7943431719582802,False
641,PCM-A,4.0,1.0,0.1,1.0,10,10/10,10,10,0.740372585328781,0.5,0.5758196175175236,0.553327938766719,68.10872139521983,88.50110869718787,82.13447934520985,8.995669633678306,0.1360763590310338,1.3568645598986435,0.5813772027799795,0.8043476473169714,False
642,PCM-A,4.0,1.0,0.1,1.0,10,15/15,15,15,0.740372585328781,0.5,0.5758196175175236,0.5629686250516184,68.10872139521983,88.46248916988495,82.13447934520985,8.99036725622161,0.14085941013000428,1.3568645598986435,0.5832904232195677,0.8037748732182195,False
643,PCM-A,4.0,1.0,0.1,1.0,10,20/20,20,20,0.740372585328781,0.5,0.5758196175175236,0.5703495207021536,68.10872139521983,88.43317273315759,82.13447934520985,8.986307763613816,0.14457714478452283,1.3568645598986435,0.5847775170813752,0.8033368193237932,False
644,PCM-A,4.0,1.0,0.1,1.0,10,continuous,20,0,0.740372585328781,1.0,0.5758196175175236,0.6906990414043073,68.10872139521983,87.98445704445588,82.13447934520985,8.920115527227631,0.21202896257636844,1.3568645598986435,0.7092582441981133,0.7962480329332144,False
645,PCM-A,4.0,1.0,0.1,1.0,20,10/10,10,10,0.8502080123358642,0.5,0.5988987396440882,0.5219901328670464,68.8159533937254,88.86263446744105,82.89582607979693,9.012905426923124,0.12109942169358079,1.2400122129890536,0.5499936768339295,0.8128748287067035,False
646,PCM-A,4.0,1.0,0.1,1.0,20,15/15,15,15,0.8502080123358642,0.5,0.5988987396440882,0.5330610299886598,68.8159533937254,88.81690652885496,82.89582607979693,9.006816433506238,0.12629069408558702,1.2400122129890536,0.5520701857907321,0.8122145450523004,False
647,PCM-A,4.0,1.0,0.1,1.0,20,20/20,20,20,0.8502080123358642,0.5,0.5988987396440882,0.5415368930131036,68.8159533937254,88.78223784971954,82.89582607979693,9.002154708842793,0.1303387584419047,1.2400122129890536,0.5536894115332591,0.8117096594697484,False
648,PCM-A,4.0,1.0,0.1,1.0,20,continuous,20,0,0.8502080123358642,1.0,0.5988987396440882,0.6797404526928739,68.8159533937254,88.25650412348018,82.89582607979693,8.92614275101892,0.20535425912316138,1.2400122129890536,0.6811956118057617,0.8035500118963198,False
649,PCM-A,4.0,1.0,0.1,1.0,30,10/10,10,10,0.9135775411206606,0.5,0.6122142347787578,0.5308341161799125,69.22023599175962,88.95947734345549,83.33395850313119,9.008041236101048,0.12523771506689282,1.1749874209998663,0.5508410607467144,0.8161756813445905,False
650,PCM-A,4.0,1.0,0.1,1.0,30,15/15,15,15,0.9135775411206606,0.5,0.6122142347787578,0.5427301731725722,69.22023599175962,88.91079380756162,83.33395850313119,9.001498404755086,0.1309137959430801,1.1749874209998663,0.5531114930971893,0.8154670169712384,False
651,PCM-A,4.0,1.0,0.1,1.0,30,20/20,20,20,0.9135775411206606,0.5,0.6122142347787578,0.5518377774157653,69.22023599175962,88.87391122856539,83.33395850313119,8.99648922242133,0.13534441448140969,1.1749874209998663,0.5548837405125211,0.8149251811575973,False
652,PCM-A,4.0,1.0,0.1,1.0,30,continuous,20,0,0.9135775411206606,1.0,0.6122142347787578,0.7003422214981972,69.22023599175962,88.31758561218332,83.33395850313119,8.914811778175991,0.21799076765023553,1.1749874209998663,0.6854422817800515,0.806173172747479,False
653,PCM-A,4.0,1.0,0.1,1.0,40,10/10,10,10,0.9501385787369497,0.5,0.6198966071718277,0.5826033173419456,69.45226149419315,88.82834497665344,83.58637134194268,8.57956817546193,0.15085627794570655,1.1382679891610983,0.5773382677098341,0.8086794647079094,False
654,PCM-A,4.0,1.0,0.1,1.0,40,15/15,15,15,0.9501385787369497,0.5,0.6198966071718277,0.5949754501657389,69.45226149419315,88.78027904070908,83.58637134194268,8.572763502408844,0.15733146057774386,1.1382679891610983,0.579928340762649,0.8079471610974446,False
655,PCM-A,4.0,1.0,0.1,1.0,40,20/20,20,20,0.9501385787369497,0.5,0.6198966071718277,0.6044475373852991,69.45226149419315,88.74387966295335,83.58637134194268,8.567553854438087,0.16238081131162338,1.1382679891610983,0.5819480810562009,0.8073872461940186,False
656,PCM-A,4.0,1.0,0.1,1.0,40,continuous,20,0,0.9501385787369497,1.0,0.6198966071718277,0.758895074770598,69.45226149419315,88.19653043627129,83.58637134194268,8.482607708876172,0.25596521533825406,1.1382679891610983,0.7168818426668532,0.7983424678413428,False
657,PCM-A,4.0,1.0,0.1,2.0,10,10/10,10,10,0.740372585328781,0.5,0.5758196175175236,0.509165535998852,68.10872139521983,88.6828562196203,82.13447934520985,9.019958955200632,0.11522201913288808,1.3568645598986435,0.5824104668207212,0.8069803330814905,False
658,PCM-A,4.0,1.0,0.1,2.0,10,15/15,15,15,0.740372585328781,0.5,0.5758196175175236,0.5180367764617649,68.10872139521983,88.64570015860194,82.13447934520985,9.01507977294603,0.11927204522973181,1.3568645598986435,0.5840304772594587,0.8064502947472063,False
659,PCM-A,4.0,1.0,0.1,2.0,10,20/20,20,20,0.740372585328781,0.5,0.5758196175175236,0.5248285854899383,68.10872139521983,88.61747548004014,82.13447934520985,9.011344277980534,0.12242001962105309,1.3568645598986435,0.5852896670159873,0.806044906541081,False
660,PCM-A,4.0,1.0,0.1,2.0,10,continuous,20,0,0.740372585328781,1.0,0.5758196175175236,0.6355727281986828,68.10872139521983,88.18330252394446,82.13447934520985,8.950434999490724,0.17953453014662965,1.3568645598986435,0.7056354712262178,0.7994827554564449,False
661,PCM-A,4.0,1.0,0.1,2.0,20,10/10,10,10,0.8502080123358642,0.5,0.5988987396440882,0.48032887401229385,68.8159533937254,89.03932408435162,82.89582607979693,9.035819119293238,0.10254036764885247,1.2400122129890536,0.5519450552160382,0.8153680450609656,False
662,PCM-A,4.0,1.0,0.1,2.0,20,15/15,15,15,0.8502080123358642,0.5,0.5988987396440882,0.4905161768249409,68.8159533937254,88.99543638558828,82.89582607979693,9.030216102746284,0.10693605321198077,1.2400122129890536,0.5537033294412895,0.8147571308738004,False
663,PCM-A,4.0,1.0,0.1,2.0,20,20/20,20,20,0.8502080123358642,0.5,0.5988987396440882,0.49831556130842214,68.8159533937254,88.96213691053171,82.89582607979693,9.025926441280369,0.1103637327298346,1.2400122129890536,0.5550744012484311,0.8142899694719966,False
664,PCM-A,4.0,1.0,0.1,2.0,20,continuous,20,0,0.8502080123358642,1.0,0.5988987396440882,0.6254887701981446,68.8159533937254,88.4542637282,82.89582607979693,8.95598117639102,0.1738827562862166,1.2400122129890536,0.677982010670984,0.8067372194616066,False
665,PCM-A,4.0,1.0,0.1,2.0,30,10/10,10,10,0.9135775411206606,0.5,0.6122142347787578,0.48846699823912565,69.22023599175962,89.13764177958934,83.33395850313119,9.031343150968482,0.10604444816388534,1.1749874209998663,0.5525387539855113,0.8187083452142058,False
666,PCM-A,4.0,1.0,0.1,2.0,30,15/15,15,15,0.9135775411206606,0.5,0.6122142347787578,0.49941360297490084,69.22023599175962,89.09088289980207,83.33395850313119,9.025322518363804,0.11085064303838751,1.1749874209998663,0.5544612319353123,0.8180526329694746,False
667,PCM-A,4.0,1.0,0.1,2.0,30,20/20,20,20,0.9135775411206606,0.5,0.6122142347787578,0.5077943079262659,69.22023599175962,89.0554287199594,83.33395850313119,9.020713130640555,0.11460224851658461,1.1749874209998663,0.555961874126591,0.8175512542186217,False
668,PCM-A,4.0,1.0,0.1,2.0,30,continuous,20,0,0.9135775411206606,1.0,0.6122142347787578,0.644446263433832,69.22023599175962,88.5173499090318,83.33395850313119,8.945554555111393,0.1845826606461458,1.1749874209998663,0.6814540389784156,0.8094496392392939,False
669,PCM-A,4.0,1.0,0.1,2.0,40,10/10,10,10,0.9501385787369497,0.5,0.6198966071718277,0.5361043778311434,69.45226149419315,89.01440622200552,83.58637134194268,8.605142592192871,0.1277368461909855,1.1382679891610983,0.5774654950079458,0.8114416842100856,False
670,PCM-A,4.0,1.0,0.1,2.0,40,15/15,15,15,0.9501385787369497,0.5,0.6198966071718277,0.5474890616674888,69.45226149419315,88.96804850563247,83.58637134194268,8.598881016082881,0.13321967673135438,1.1382679891610983,0.5796586272240932,0.8107639118855372,False
671,PCM-A,4.0,1.0,0.1,2.0,40,20/20,20,20,0.9501385787369497,0.5,0.6198966071718277,0.5562051593525698,69.45226149419315,88.93291209866155,83.58637134194268,8.594087162356088,0.13749519079574113,1.1382679891610983,0.581368832849848,0.8102456635517155,False
672,PCM-A,4.0,1.0,0.1,2.0,40,continuous,20,0,0.9501385787369497,1.0,0.6198966071718277,0.6983258759239455,69.45226149419315,88.40116771144713,83.58637134194268,8.51592076824183,0.21673734621553142,1.1382679891610983,0.7105656950177641,0.8018711022945777,False
673,PCM-A,4.0,1.0,0.3,0.5,10,10/10,10,10,0.740372585328781,0.5,0.46223433905819566,0.6013207614674775,66.66151466827426,87.83491069761642,81.70031732712619,8.969273581192889,0.1607051814097009,1.5,0.6346883225638804,0.7807511371065905,False
674,PCM-A,4.0,1.0,0.3,0.5,10,15/15,15,15,0.740372585328781,0.5,0.46223433905819566,0.6117976313519544,66.66151466827426,87.794924853863,81.70031732712619,8.963511302756427,0.16635392965682755,1.5,0.636947821862731,0.780132332876136,False
675,PCM-A,4.0,1.0,0.3,0.5,10,20/20,20,20,0.740372585328781,0.5,0.46223433905819566,0.619818707972058,66.66151466827426,87.76459364084484,81.70031732712619,8.95909971061537,0.1707445470009561,1.5,0.6387040688003824,0.7796590959221037,False
676,PCM-A,4.0,1.0,0.3,0.5,10,continuous,20,0,0.740372585328781,1.0,0.46223433905819566,0.7506067278073899,66.66151466827426,87.302860132739,81.70031732712619,8.887166299705937,0.2504046488132076,1.5,0.7680681095252831,0.7720031233309318,False
677,PCM-A,4.0,1.0,0.3,0.5,20,10/10,10,10,0.8502080123358642,0.5,0.48076090959812917,0.5672648752812285,67.3523087971265,88.1957822729547,82.45673270081727,8.988004318595324,0.143017528323479,1.5,0.6396132613293917,0.7887562719552588,False
678,PCM-A,4.0,1.0,0.3,0.5,20,15/15,15,15,0.8502080123358642,0.5,0.48076090959812917,0.5792960051427251,67.3523087971265,88.14831059944899,82.45673270081727,8.981387197171502,0.14914838292192006,1.5,0.642065603168768,0.7880428080365095,False
679,PCM-A,4.0,1.0,0.3,0.5,20,20/20,20,20,0.8502080123358642,0.5,0.48076090959812917,0.5885070209813837,67.3523087971265,88.11235041594297,82.45673270081727,8.97632113846024,0.15392911721972571,1.5,0.6439778968878903,0.7874972877532602,False
680,PCM-A,4.0,1.0,0.3,0.5,20,continuous,20,0,0.8502080123358642,1.0,0.48076090959812917,0.7386976474105907,67.3523087971265,87.57041173908459,82.45673270081727,8.893716293924175,0.24252187301775174,1.5,0.7769149992071007,0.7786840001342963,False
681,PCM-A,4.0,1.0,0.3,0.5,30,10/10,10,10,0.9135775411206606,0.5,0.49144981095814466,0.5768759402709187,67.74802693880633,88.28840069290827,82.8922957872452,8.982718232850996,0.1479048224282029,1.5,0.6615681789712812,0.7916302892949971,False
682,PCM-A,4.0,1.0,0.3,0.5,30,15/15,15,15,0.9135775411206606,0.5,0.49144981095814466,0.589803800131439,67.74802693880633,88.23790127022006,82.8922957872452,8.975607909927708,0.1546082322886606,1.5,0.6642495429154642,0.790864587292963,False
683,PCM-A,4.0,1.0,0.3,0.5,30,20/20,20,20,0.9135775411206606,0.5,0.49144981095814466,0.5997013511766072,67.74802693880633,88.19967782744895,82.8922957872452,8.970164256852867,0.15984076026802146,1.5,0.6663425541072087,0.7902791744051387,False
684,PCM-A,4.0,1.0,0.3,0.5,30,continuous,20,0,0.9135775411206606,1.0,0.49144981095814466,0.7610863078010375,67.74802693880633,87.62695960192875,82.8922957872452,8.88140253070943,0.257445496854318,1.5,0.8028844487417273,0.7808266845475041,False
685,PCM-A,4.0,1.0,0.3,0.5,40,10/10,10,10,0.9501385787369497,0.5,0.4976167705709812,0.6331353359788245,67.97540755216271,88.14835642491505,83.14331515933355,8.551775565211647,0.1781601571844529,1.5,0.7016703128737812,0.7836662099902685,False
686,PCM-A,4.0,1.0,0.3,0.5,40,15/15,15,15,0.9501385787369497,0.5,0.4976167705709812,0.6465805640422437,67.97540755216271,88.09872203276541,83.14331515933355,8.544380689776766,0.18580730035430493,1.5,0.704729170141722,0.782875175113322,False
687,PCM-A,4.0,1.0,0.3,0.5,40,20/20,20,20,0.9501385787369497,0.5,0.4976167705709812,0.6568742114446273,67.97540755216271,88.06117050272283,83.14331515933355,8.538719183705455,0.19177054651600045,1.5,0.7071144686064003,0.7822703851623604,False
688,PCM-A,4.0,1.0,0.3,0.5,40,continuous,20,0,0.9501385787369497,1.0,0.4976167705709812,0.8247177347525284,67.92597208265765,87.48408174630863,83.12848451848204,8.44640524588611,0.3022930408957075,1.5,0.8488234663582831,0.7723141040881251,False
689,PCM-A,4.0,1.0,0.3,1.0,10,10/10,10,10,0.740372585328781,0.5,0.46223433905819566,0.553327938766719,66.66151466827426,88.02353047729584,81.70031732712619,8.995669633678306,0.1360763590310338,1.5,0.6271805436124135,0.7835958079849783,False
690,PCM-A,4.0,1.0,0.3,1.0,10,15/15,15,15,0.740372585328781,0.5,0.46223433905819566,0.5629686250516184,66.66151466827426,87.98491094999291,81.70031732712619,8.99036725622161,0.14085941013000428,1.5,0.6290937640520017,0.7830230338862264,False
691,PCM-A,4.0,1.0,0.3,1.0,10,20/20,20,20,0.740372585328781,0.5,0.46223433905819566,0.5703495207021536,66.66151466827426,87.95559451326555,81.70031732712619,8.986307763613816,0.14457714478452283,1.5,0.6305808579138091,0.7825849799917999,False
692,PCM-A,4.0,1.0,0.3,1.0,10,continuous,20,0,0.740372585328781,1.0,0.46223433905819566,0.6906990414043073,66.66151466827426,87.50687882456384,81.70031732712619,8.920115527227631,0.21202896257636844,1.5,0.7550615850305474,0.7754961936012211,False
693,PCM-A,4.0,1.0,0.3,1.0,20,10/10,10,10,0.8502080123358642,0.5,0.48076090959812917,0.5219901328670464,67.3523087971265,88.37963175056342,82.45673270081727,9.012905426923124,0.12109942169358079,1.5,0.6331897686774323,0.7914507129556159,False
694,PCM-A,4.0,1.0,0.3,1.0,20,15/15,15,15,0.8502080123358642,0.5,0.48076090959812917,0.5330610299886598,67.3523087971265,88.33390381197732,82.45673270081727,9.006816433506238,0.12629069408558702,1.5,0.6352662776342348,0.7907904293012128,False
695,PCM-A,4.0,1.0,0.3,1.0,20,20/20,20,20,0.8502080123358642,0.5,0.48076090959812917,0.5415368930131036,67.3523087971265,88.2992351328419,82.45673270081727,9.002154708842793,0.1303387584419047,1.5,0.6368855033767619,0.7902855437186606,False
696,PCM-A,4.0,1.0,0.3,1.0,20,continuous,20,0,0.8502080123358642,1.0,0.48076090959812917,0.6797404526928739,67.3523087971265,87.77350140660255,82.45673270081727,8.92614275101892,0.20535425912316138,1.5,0.7643917036492646,0.7821258961452322,False
697,PCM-A,4.0,1.0,0.3,1.0,30,10/10,10,10,0.9135775411206606,0.5,0.49144981095814466,0.5308341161799125,67.74802693880633,88.47364835598091,82.8922957872452,9.008041236101048,0.12523771506689282,1.5,0.6548450860267572,0.7943672229098456,False
698,PCM-A,4.0,1.0,0.3,1.0,30,15/15,15,15,0.9135775411206606,0.5,0.49144981095814466,0.5427301731725722,67.74802693880633,88.42496482008701,82.8922957872452,9.001498404755086,0.1309137959430801,1.5,0.657115518377232,0.7936585585364936,False
699,PCM-A,4.0,1.0,0.3,1.0,30,20/20,20,20,0.9135775411206606,0.5,0.49144981095814466,0.5518377774157653,67.74802693880633,88.3880822410908,82.8922957872452,8.99648922242133,0.13534441448140969,1.5,0.6588877657925639,0.7931167227228524,False
700,PCM-A,4.0,1.0,0.3,1.0,30,continuous,20,0,0.9135775411206606,1.0,0.49144981095814466,0.7003422214981972,67.74802693880633,87.83175662470873,82.8922957872452,8.914811778175991,0.21799076765023553,1.5,0.7894463070600942,0.784364714312734,False
701,PCM-A,4.0,1.0,0.3,1.0,40,10/10,10,10,0.9501385787369497,0.5,0.4976167705709812,0.5826033173419456,67.97540755216271,88.34098317578339,83.14331515933355,8.57956817546193,0.15085627794570655,1.5,0.6930925111782826,0.7866503968377543,False
702,PCM-A,4.0,1.0,0.3,1.0,40,15/15,15,15,0.9501385787369497,0.5,0.4976167705709812,0.5949754501657389,67.97540755216271,88.29291723983903,83.14331515933355,8.572763502408844,0.15733146057774386,1.5,0.6956825842310975,0.7859180932272894,False
703,PCM-A,4.0,1.0,0.3,1.0,40,20/20,20,20,0.9501385787369497,0.5,0.4976167705709812,0.6044475373852991,67.97540755216271,88.2565178620833,83.14331515933355,8.567553854438087,0.16238081131162338,1.5,0.6977023245246494,0.7853581783238633,False
704,PCM-A,4.0,1.0,0.3,1.0,40,continuous,20,0,0.9501385787369497,1.0,0.4976167705709812,0.758895074770598,67.97540755216271,87.70916863540124,83.14331515933355,8.482607708876172,0.25596521533825406,1.5,0.8326360861353017,0.7763133999711875,False
705,PCM-A,4.0,1.0,0.3,2.0,10,10/10,10,10,0.740372585328781,0.5,0.46223433905819566,0.509165535998852,66.66151466827426,88.20527799972827,81.70031732712619,9.019958955200632,0.11522201913288808,1.5,0.6282138076531553,0.7862284937494975,False
706,PCM-A,4.0,1.0,0.3,2.0,10,15/15,15,15,0.740372585328781,0.5,0.46223433905819566,0.5180367764617649,66.66151466827426,88.1681219387099,81.70031732712619,9.01507977294603,0.11927204522973181,1.5,0.6298338180918928,0.785698455415213,False
707,PCM-A,4.0,1.0,0.3,2.0,10,20/20,20,20,0.740372585328781,0.5,0.46223433905819566,0.5248285854899383,66.66151466827426,88.1398972601481,81.70031732712619,9.011344277980534,0.12242001962105309,1.5,0.6310930078484213,0.7852930672090879,False
708,PCM-A,4.0,1.0,0.3,2.0,10,continuous,20,0,0.740372585328781,1.0,0.46223433905819566,0.6355727281986828,66.66151466827426,87.70572430405242,81.70031732712619,8.950434999490724,0.17953453014662965,1.5,0.7514388120586519,0.7787309161244519,False
709,PCM-A,4.0,1.0,0.3,2.0,20,10/10,10,10,0.8502080123358642,0.5,0.48076090959812917,0.48032887401229385,67.3523087971265,88.556321367474,82.45673270081727,9.035819119293238,0.10254036764885247,1.5,0.635141147059541,0.793943929309878,False
710,PCM-A,4.0,1.0,0.3,2.0,20,15/15,15,15,0.8502080123358642,0.5,0.48076090959812917,0.4905161768249409,67.3523087971265,88.51243366871063,82.45673270081727,9.030216102746284,0.10693605321198077,1.5,0.6368994212847923,0.7933330151227128,False
711,PCM-A,4.0,1.0,0.3,2.0,20,20/20,20,20,0.8502080123358642,0.5,0.48076090959812917,0.49831556130842214,67.3523087971265,88.47913419365408,82.45673270081727,9.025926441280369,0.1103637327298346,1.5,0.6382704930919338,0.792865853720909,False
712,PCM-A,4.0,1.0,0.3,2.0,20,continuous,20,0,0.8502080123358642,1.0,0.48076090959812917,0.6254887701981446,67.3523087971265,87.97126101132237,82.45673270081727,8.95598117639102,0.1738827562862166,1.5,0.7611781025144867,0.785313103710519,False
713,PCM-A,4.0,1.0,0.3,2.0,30,10/10,10,10,0.9135775411206606,0.5,0.49144981095814466,0.48846699823912565,67.74802693880633,88.65181279211475,82.8922957872452,9.031343150968482,0.10604444816388534,1.5,0.6565427792655542,0.796899886779461,False
714,PCM-A,4.0,1.0,0.3,2.0,30,15/15,15,15,0.9135775411206606,0.5,0.49144981095814466,0.49941360297490084,67.74802693880633,88.60505391232748,82.8922957872452,9.025322518363804,0.11085064303838751,1.5,0.6584652572153551,0.7962441745347297,False
715,PCM-A,4.0,1.0,0.3,2.0,30,20/20,20,20,0.9135775411206606,0.5,0.49144981095814466,0.5077943079262659,67.74802693880633,88.5695997324848,82.8922957872452,9.020713130640555,0.11460224851658461,1.5,0.6599658994066339,0.795742795783877,False
716,PCM-A,4.0,1.0,0.3,2.0,30,continuous,20,0,0.9135775411206606,1.0,0.49144981095814466,0.644446263433832,67.74802693880633,88.0315209215572,82.8922957872452,8.945554555111393,0.1845826606461458,1.5,0.7854580642584584,0.7876411808045491,False
717,PCM-A,4.0,1.0,0.3,2.0,40,10/10,10,10,0.9501385787369497,0.5,0.4976167705709812,0.5361043778311434,67.97540755216271,88.52704442113547,83.14331515933355,8.605142592192871,0.1277368461909855,1.5,0.6932197384763943,0.7894126163399303,False
718,PCM-A,4.0,1.0,0.3,2.0,40,15/15,15,15,0.9501385787369497,0.5,0.4976167705709812,0.5474890616674888,67.97540755216271,88.48068670476242,83.14331515933355,8.598881016082881,0.13321967673135438,1.5,0.6954128706925418,0.7887348440153821,False
719,PCM-A,4.0,1.0,0.3,2.0,40,20/20,20,20,0.9501385787369497,0.5,0.4976167705709812,0.5562051593525698,67.97540755216271,88.4455502977915,83.14331515933355,8.594087162356088,0.13749519079574113,1.5,0.6971230763182965,0.7882165956815602,False
720,PCM-A,4.0,1.0,0.3,2.0,40,continuous,20,0,0.9501385787369497,1.0,0.4976167705709812,0.6983258759239455,67.97540755216271,87.91380591057708,83.14331515933355,8.51592076824183,0.21673734621553142,1.5,0.8263199384862127,0.7798420344244226,False
721,PCM-A,4.0,2.0,0.05,0.5,10,10/10,10,10,0.740372585328781,0.5,0.8849628790614383,0.6013207614674775,71.08838888884097,89.29577919040344,83.0283795932962,8.969273581192889,0.1607051814097009,0.22835043645207717,0.23713546222854504,0.8543031619922612,True
722,PCM-A,4.0,2.0,0.05,0.5,10,15/15,15,15,0.740372585328781,0.5,0.8849628790614383,0.6117976313519544,71.08838888884097,89.25579334665001,83.0283795932962,8.963511302756427,0.16635392965682755,0.22835043645207717,0.2393949615273957,0.8536843577618065,True
723,PCM-A,4.0,2.0,0.05,0.5,10,20/20,20,20,0.740372585328781,0.5,0.8849628790614383,0.619818707972058,71.08838888884097,89.22546213363185,83.0283795932962,8.95909971061537,0.1707445470009561,0.22835043645207717,0.24115120846504712,0.8532111208077743,True
724,PCM-A,4.0,2.0,0.05,0.5,10,continuous,20,0,0.740372585328781,1.0,0.8849628790614383,0.7506067278073899,71.08838888884097,88.76372862552601,83.0283795932962,8.887166299705937,0.2504046488132076,0.22835043645207717,0.37051524918994777,0.8455551482166024,True
725,PCM-A,4.0,2.0,0.05,0.5,20,10/10,10,10,0.8502080123358642,0.5,0.9204326090636703,0.5672648752812285,71.79672129758153,89.66243839810485,83.79005645095377,8.988004318595324,0.143017528323479,0.1592318414206454,0.21994245058399814,0.8646428834913933,True
726,PCM-A,4.0,2.0,0.05,0.5,20,15/15,15,15,0.8502080123358642,0.5,0.9204326090636703,0.5792960051427251,71.79672129758153,89.61496672459914,83.79005645095377,8.981387197171502,0.14914838292192006,0.1592318414206454,0.22239479242337457,0.8639294195726439,True
727,PCM-A,4.0,2.0,0.05,0.5,20,20/20,20,20,0.8502080123358642,0.5,0.9204326090636703,0.5885070209813837,71.79672129758153,89.57900654109312,83.79005645095377,8.97632113846024,0.15392911721972571,0.1592318414206454,0.22430708614249684,0.8633838992893946,True
728,PCM-A,4.0,2.0,0.05,0.5,20,continuous,20,0,0.8502080123358642,1.0,0.9204326090636703,0.7386976474105907,71.79672129758153,89.03706786423474,83.79005645095377,8.893716293924175,0.24252187301775174,0.1592318414206454,0.35724418846170725,0.8545706116704307,True
729,PCM-A,4.0,2.0,0.05,0.5,30,10/10,10,10,0.9135775411206606,0.5,0.9408968630627054,0.5768759402709187,72.19963383296543,89.75743096798077,84.22777785549293,8.982718232850996,0.1479048224282029,0.125006460164383,0.23094524622388374,0.8688526213199232,True
730,PCM-A,4.0,2.0,0.05,0.5,30,15/15,15,15,0.9135775411206606,0.5,0.9408968630627054,0.589803800131439,72.19963383296543,89.70693154529256,84.22777785549293,8.975607909927708,0.1546082322886606,0.125006460164383,0.2336266101680668,0.868086919317889,True
731,PCM-A,4.0,2.0,0.05,0.5,30,20/20,20,20,0.9135775411206606,0.5,0.9408968630627054,0.5997013511766072,72.19963383296543,89.66870810252145,84.22777785549293,8.970164256852867,0.15984076026802146,0.125006460164383,0.23571962135981117,0.8675015064300649,True
732,PCM-A,4.0,2.0,0.05,0.5,30,continuous,20,0,0.9135775411206606,1.0,0.9408968630627054,0.7610863078010375,72.19963383296543,89.09598987700124,84.22777785549293,8.88140253070943,0.257445496854318,0.125006460164383,0.3722615159943298,0.8580490165724302,True
733,PCM-A,4.0,2.0,0.05,0.5,40,10/10,10,10,0.9501385787369497,0.5,0.9527037105270266,0.6331353359788245,72.43023461511913,89.61844935569067,84.47976327822047,8.551775565211647,0.1781601571844529,0.1071417130494123,0.2653306610495931,0.8616556154087125,True
734,PCM-A,4.0,2.0,0.05,0.5,40,15/15,15,15,0.9501385787369497,0.5,0.9527037105270266,0.6465805640422437,72.43023461511913,89.56881496354103,84.47976327822047,8.544380689776766,0.18580730035430493,0.1071417130494123,0.2683895183175339,0.8608645805317662,True
735,PCM-A,4.0,2.0,0.05,0.5,40,20/20,20,20,0.9501385787369497,0.5,0.9527037105270266,0.6568742114446273,72.43023461511913,89.53126343349845,84.47976327822047,8.538719183705455,0.19177054651600045,0.1071417130494123,0.2707748167822121,0.8602597905808045,True
736,PCM-A,4.0,2.0,0.05,0.5,40,continuous,20,0,0.9501385787369497,1.0,0.9527037105270266,0.8247177347525284,72.38079914561408,88.95417467708425,84.46493263736896,8.44640524588611,0.3022930408957075,0.1071417130494123,0.412483814534095,0.8503035095065691,True
737,PCM-A,4.0,2.0,0.05,1.0,10,10/10,10,10,0.740372585328781,0.5,0.8849628790614383,0.553327938766719,71.08838888884097,89.48439897008285,83.0283795932962,8.995669633678306,0.1360763590310338,0.22835043645207717,0.22962768327707822,0.8571478328706488,True
738,PCM-A,4.0,2.0,0.05,1.0,10,15/15,15,15,0.740372585328781,0.5,0.8849628790614383,0.5629686250516184,71.08838888884097,89.44577944277992,83.0283795932962,8.99036725622161,0.14085941013000428,0.22835043645207717,0.2315409037166664,0.856575058771897,True
739,PCM-A,4.0,2.0,0.05,1.0,10,20/20,20,20,0.740372585328781,0.5,0.8849628790614383,0.5703495207021536,71.08838888884097,89.41646300605257,83.0283795932962,8.986307763613816,0.14457714478452283,0.22835043645207717,0.2330279975784738,0.8561370048774706,True
740,PCM-A,4.0,2.0,0.05,1.0,10,continuous,20,0,0.740372585328781,1.0,0.8849628790614383,0.6906990414043073,71.08838888884097,88.96774731735086,83.0283795932962,8.920115527227631,0.21202896257636844,0.22835043645207717,0.35750872469521205,0.8490482184868917,True
741,PCM-A,4.0,2.0,0.05,1.0,20,10/10,10,10,0.8502080123358642,0.5,0.9204326090636703,0.5219901328670464,71.79672129758153,89.84628787571357,83.79005645095377,9.012905426923124,0.12109942169358079,0.1592318414206454,0.21351895793203884,0.8673373244917504,True
742,PCM-A,4.0,2.0,0.05,1.0,20,15/15,15,15,0.8502080123358642,0.5,0.9204326090636703,0.5330610299886598,71.79672129758153,89.80055993712747,83.79005645095377,9.006816433506238,0.12629069408558702,0.1592318414206454,0.21559546688884135,0.8666770408373472,True
743,PCM-A,4.0,2.0,0.05,1.0,20,20/20,20,20,0.8502080123358642,0.5,0.9204326090636703,0.5415368930131036,71.79672129758153,89.76589125799205,83.79005645095377,9.002154708842793,0.1303387584419047,0.1592318414206454,0.2172146926313684,0.8661721552547952,True
744,PCM-A,4.0,2.0,0.05,1.0,20,continuous,20,0,0.8502080123358642,1.0,0.9204326090636703,0.6797404526928739,71.79672129758153,89.2401575317527,83.79005645095377,8.92614275101892,0.20535425912316138,0.1592318414206454,0.3447208929038711,0.8580125076813666,True
745,PCM-A,4.0,2.0,0.05,1.0,30,10/10,10,10,0.9135775411206606,0.5,0.9408968630627054,0.5308341161799125,72.19963383296543,89.94267863105341,84.22777785549293,9.008041236101048,0.12523771506689282,0.125006460164383,0.22422215327935968,0.8715895549347716,True
746,PCM-A,4.0,2.0,0.05,1.0,30,15/15,15,15,0.9135775411206606,0.5,0.9408968630627054,0.5427301731725722,72.19963383296543,89.89399509515951,84.22777785549293,9.001498404755086,0.1309137959430801,0.125006460164383,0.2264925856298346,0.8708808905614196,True
747,PCM-A,4.0,2.0,0.05,1.0,30,20/20,20,20,0.9135775411206606,0.5,0.9408968630627054,0.5518377774157653,72.19963383296543,89.8571125161633,84.22777785549293,8.99648922242133,0.13534441448140969,0.125006460164383,0.22826483304516643,0.8703390547477784,True
748,PCM-A,4.0,2.0,0.05,1.0,30,continuous,20,0,0.9135775411206606,1.0,0.9408968630627054,0.7003422214981972,72.19963383296543,89.30078689978123,84.22777785549293,8.914811778175991,0.21799076765023553,0.125006460164383,0.3588233743126968,0.8615870463376601,True
749,PCM-A,4.0,2.0,0.05,1.0,40,10/10,10,10,0.9501385787369497,0.5,0.9527037105270266,0.5826033173419456,72.43023461511913,89.81107610655901,84.47976327822047,8.57956817546193,0.15085627794570655,0.1071417130494123,0.2567528593540946,0.8646398022561984,True
750,PCM-A,4.0,2.0,0.05,1.0,40,15/15,15,15,0.9501385787369497,0.5,0.9527037105270266,0.5949754501657389,72.43023461511913,89.76301017061465,84.47976327822047,8.572763502408844,0.15733146057774386,0.1071417130494123,0.25934293240690953,0.8639074986457335,True
751,PCM-A,4.0,2.0,0.05,1.0,40,20/20,20,20,0.9501385787369497,0.5,0.9527037105270266,0.6044475373852991,72.43023461511913,89.72661079285892,84.47976327822047,8.567553854438087,0.16238081131162338,0.1071417130494123,0.2613626727004613,0.8633475837423075,True
752,PCM-A,4.0,2.0,0.05,1.0,40,continuous,20,0,0.9501385787369497,1.0,0.9527037105270266,0.758895074770598,72.43023461511913,89.17926156617686,84.47976327822047,8.482607708876172,0.25596521533825406,0.1071417130494123,0.39629643431111355,0.8543028053896315,True
753,PCM-A,4.0,2.0,0.05,2.0,10,10/10,10,10,0.740372585328781,0.5,0.8849628790614383,0.509165535998852,71.08838888884097,89.66614649251528,83.0283795932962,9.019958955200632,0.11522201913288808,0.22835043645207717,0.23066094731781994,0.859780518635168,True
754,PCM-A,4.0,2.0,0.05,2.0,10,15/15,15,15,0.740372585328781,0.5,0.8849628790614383,0.5180367764617649,71.08838888884097,89.62899043149692,83.0283795932962,9.01507977294603,0.11927204522973181,0.22835043645207717,0.23228095775655744,0.8592504803008837,True
755,PCM-A,4.0,2.0,0.05,2.0,10,20/20,20,20,0.740372585328781,0.5,0.8849628790614383,0.5248285854899383,71.08838888884097,89.60076575293512,83.0283795932962,9.011344277980534,0.12242001962105309,0.22835043645207717,0.23354014751308594,0.8588450920947585,True
756,PCM-A,4.0,2.0,0.05,2.0,10,continuous,20,0,0.740372585328781,1.0,0.8849628790614383,0.6355727281986828,71.08838888884097,89.16659279683944,83.0283795932962,8.950434999490724,0.17953453014662965,0.22835043645207717,0.35388595172331655,0.8522829410101224,True
757,PCM-A,4.0,2.0,0.05,2.0,20,10/10,10,10,0.8502080123358642,0.5,0.9204326090636703,0.48032887401229385,71.79672129758153,90.0,83.79005645095377,9.035819119293238,0.10254036764885247,0.1592318414206454,0.21547033631414753,0.8697882622595839,True
758,PCM-A,4.0,2.0,0.05,2.0,20,15/15,15,15,0.8502080123358642,0.5,0.9204326090636703,0.4905161768249409,71.79672129758153,89.9790897938608,83.79005645095377,9.030216102746284,0.10693605321198077,0.1592318414206454,0.21722861053939885,0.8692196266588473,True
759,PCM-A,4.0,2.0,0.05,2.0,20,20/20,20,20,0.8502080123358642,0.5,0.9204326090636703,0.49831556130842214,71.79672129758153,89.94579031880423,83.79005645095377,9.025926441280369,0.1103637327298346,0.1592318414206454,0.21859968234654037,0.8687524652570435,True
760,PCM-A,4.0,2.0,0.05,2.0,20,continuous,20,0,0.8502080123358642,1.0,0.9204326090636703,0.6254887701981446,71.79672129758153,89.43791713647252,83.79005645095377,8.95598117639102,0.1738827562862166,0.1592318414206454,0.34150729176909317,0.8611997152466535,True
761,PCM-A,4.0,2.0,0.05,2.0,30,10/10,10,10,0.9135775411206606,0.5,0.9408968630627054,0.48846699823912565,72.19963383296543,90.0,84.22777785549293,9.031343150968482,0.10604444816388534,0.125006460164383,0.22591984651815672,0.8738998675607625,True
762,PCM-A,4.0,2.0,0.05,2.0,30,15/15,15,15,0.9135775411206606,0.5,0.9408968630627054,0.49941360297490084,72.19963383296543,90.0,84.22777785549293,9.025322518363804,0.11085064303838751,0.125006460164383,0.22784232446795757,0.8733301916548398,True
763,PCM-A,4.0,2.0,0.05,2.0,30,20/20,20,20,0.9135775411206606,0.5,0.9408968630627054,0.5077943079262659,72.19963383296543,90.0,84.22777785549293,9.020713130640555,0.11460224851658461,0.125006460164383,0.22934296665923642,0.8728940485948975,True
764,PCM-A,4.0,2.0,0.05,2.0,30,continuous,20,0,0.9135775411206606,1.0,0.9408968630627054,0.644446263433832,72.19963383296543,89.5005511966297,84.22777785549293,8.945554555111393,0.1845826606461458,0.125006460164383,0.3548351315110609,0.864863512829475,True
765,PCM-A,4.0,2.0,0.05,2.0,40,10/10,10,10,0.9501385787369497,0.5,0.9527037105270266,0.5361043778311434,72.43023461511913,89.99713735191109,84.47976327822047,8.605142592192871,0.1277368461909855,0.1071417130494123,0.2568800866522062,0.8674020217583744,True
766,PCM-A,4.0,2.0,0.05,2.0,40,15/15,15,15,0.9501385787369497,0.5,0.9527037105270266,0.5474890616674888,72.43023461511913,89.95077963553804,84.47976327822047,8.598881016082881,0.13321967673135438,0.1071417130494123,0.2590732188683537,0.8667242494338261,True
767,PCM-A,4.0,2.0,0.05,2.0,40,20/20,20,20,0.9501385787369497,0.5,0.9527037105270266,0.5562051593525698,72.43023461511913,89.91564322856712,84.47976327822047,8.594087162356088,0.13749519079574113,0.1071417130494123,0.2607834244941084,0.8662060011000043,True
768,PCM-A,4.0,2.0,0.05,2.0,40,continuous,20,0,0.9501385787369497,1.0,0.9527037105270266,0.6983258759239455,72.43023461511913,89.3838988413527,84.47976327822047,8.51592076824183,0.21673734621553142,0.1071417130494123,0.38998028666202456,0.8578314398428666,True
769,PCM-A,4.0,2.0,0.1,0.5,10,10/10,10,10,0.740372585328781,0.5,0.7704049328630949,0.6013207614674775,70.12616472423862,88.97824521608466,82.7397123439155,8.969273581192889,0.1607051814097009,0.5364588063258323,0.3357301405881467,0.8352817491340933,False
770,PCM-A,4.0,2.0,0.1,0.5,10,15/15,15,15,0.740372585328781,0.5,0.7704049328630949,0.6117976313519544,70.12616472423862,88.93825937233123,82.7397123439155,8.963511302756427,0.16635392965682755,0.5364588063258323,0.3379896398869974,0.8346629449036389,False
771,PCM-A,4.0,2.0,0.1,0.5,10,20/20,20,20,0.740372585328781,0.5,0.7704049328630949,0.619818707972058,70.12616472423862,88.90792815931307,82.7397123439155,8.95909971061537,0.1707445470009561,0.5364588063258323,0.3397458868246488,0.8341897079496065,False
772,PCM-A,4.0,2.0,0.1,0.5,10,continuous,20,0,0.740372585328781,1.0,0.7704049328630949,0.7506067278073899,70.12616472423862,88.44619465120724,82.7397123439155,8.887166299705937,0.2504046488132076,0.5364588063258323,0.46910992754954944,0.8265337353584346,False
773,PCM-A,4.0,2.0,0.1,0.5,20,10/10,10,10,0.8502080123358642,0.5,0.8012831262964993,0.5672648752812285,70.83968421960284,89.34661616237189,83.50294532756017,8.988004318595324,0.143017528323479,0.4406507191861394,0.30999649146895625,0.8450269392969562,False
774,PCM-A,4.0,2.0,0.1,0.5,20,15/15,15,15,0.8502080123358642,0.5,0.8012831262964993,0.5792960051427251,70.83968421960284,89.29914448886618,83.50294532756017,8.981387197171502,0.14914838292192006,0.4406507191861394,0.3124488333083327,0.8443134753782069,False
775,PCM-A,4.0,2.0,0.1,0.5,20,20/20,20,20,0.8502080123358642,0.5,0.8012831262964993,0.5885070209813837,70.83968421960284,89.26318430536016,83.50294532756017,8.97632113846024,0.15392911721972571,0.4406507191861394,0.31436112702745495,0.8437679550949576,False
776,PCM-A,4.0,2.0,0.1,0.5,20,continuous,20,0,0.8502080123358642,1.0,0.8012831262964993,0.7386976474105907,70.83968421960284,88.72124562850178,83.50294532756017,8.893716293924175,0.24252187301775174,0.4406507191861394,0.44729822934666535,0.8349546674759937,False
777,PCM-A,4.0,2.0,0.1,0.5,30,10/10,10,10,0.9135775411206606,0.5,0.8190982941427943,0.5768759402709187,71.24622699289135,89.44280671075633,83.9417558034707,8.982718232850996,0.1479048224282029,0.38965811532586736,0.31563377587555874,0.848896108277744,False
778,PCM-A,4.0,2.0,0.1,0.5,30,15/15,15,15,0.9135775411206606,0.5,0.8190982941427943,0.589803800131439,71.24622699289135,89.39230728806812,83.9417558034707,8.975607909927708,0.1546082322886606,0.38965811532586736,0.31831513981974185,0.8481304062757097,False
779,PCM-A,4.0,2.0,0.1,0.5,30,20/20,20,20,0.9135775411206606,0.5,0.8190982941427943,0.5997013511766072,71.24622699289135,89.35408384529701,83.9417558034707,8.970164256852867,0.15984076026802146,0.38965811532586736,0.3204081510114862,0.8475449933878857,False
780,PCM-A,4.0,2.0,0.1,0.5,30,continuous,20,0,0.9135775411206606,1.0,0.8190982941427943,0.7610863078010375,71.24622699289135,88.7813656197768,83.9417558034707,8.88140253070943,0.257445496854318,0.38965811532586736,0.4569500456460048,0.8380925035302509,False
781,PCM-A,4.0,2.0,0.1,0.5,40,10/10,10,10,0.9501385787369497,0.5,0.8293767518536106,0.6331353359788245,71.47912150231193,89.3045820284643,84.19442934437832,8.551775565211647,0.1781601571844529,0.3616639132706287,0.34677776512038233,0.8415033756838964,False
782,PCM-A,4.0,2.0,0.1,0.5,40,15/15,15,15,0.9501385787369497,0.5,0.8293767518536106,0.6465805640422437,71.47912150231193,89.25494763631465,84.19442934437832,8.544380689776766,0.18580730035430493,0.3616639132706287,0.3498366223883232,0.8407123408069501,False
783,PCM-A,4.0,2.0,0.1,0.5,40,20/20,20,20,0.9501385787369497,0.5,0.8293767518536106,0.6568742114446273,71.47912150231193,89.21739610627208,84.19442934437832,8.538719183705455,0.19177054651600045,0.3616639132706287,0.35222192085300136,0.8401075508559883,False
784,PCM-A,4.0,2.0,0.1,0.5,40,continuous,20,0,0.9501385787369497,1.0,0.8293767518536106,0.8247177347525284,71.42968603280687,88.64030734985786,84.1795987035268,8.44640524588611,0.3022930408957075,0.3616639132706287,0.4939309186048842,0.8301512697817529,False
785,PCM-A,4.0,2.0,0.1,1.0,10,10/10,10,10,0.740372585328781,0.5,0.7704049328630949,0.553327938766719,70.12616472423862,89.16686499576407,82.7397123439155,8.995669633678306,0.1360763590310338,0.5364588063258323,0.3282223616366799,0.838126420012481,False
786,PCM-A,4.0,2.0,0.1,1.0,10,15/15,15,15,0.740372585328781,0.5,0.7704049328630949,0.5629686250516184,70.12616472423862,89.12824546846115,82.7397123439155,8.99036725622161,0.14085941013000428,0.5364588063258323,0.3301355820762681,0.8375536459137292,False
787,PCM-A,4.0,2.0,0.1,1.0,10,20/20,20,20,0.740372585328781,0.5,0.7704049328630949,0.5703495207021536,70.12616472423862,89.09892903173379,82.7397123439155,8.986307763613816,0.14457714478452283,0.5364588063258323,0.33162267593807543,0.8371155920193027,False
788,PCM-A,4.0,2.0,0.1,1.0,10,continuous,20,0,0.740372585328781,1.0,0.7704049328630949,0.6906990414043073,70.12616472423862,88.65021334303208,82.7397123439155,8.920115527227631,0.21202896257636844,0.5364588063258323,0.4561034030548137,0.8300268056287239,False
789,PCM-A,4.0,2.0,0.1,1.0,20,10/10,10,10,0.8502080123358642,0.5,0.8012831262964993,0.5219901328670464,70.83968421960284,89.5304656399806,83.50294532756017,9.012905426923124,0.12109942169358079,0.4406507191861394,0.30357299881699695,0.8477213802973135,False
790,PCM-A,4.0,2.0,0.1,1.0,20,15/15,15,15,0.8502080123358642,0.5,0.8012831262964993,0.5330610299886598,70.83968421960284,89.48473770139451,83.50294532756017,9.006816433506238,0.12629069408558702,0.4406507191861394,0.30564950777379946,0.8470610966429102,False
791,PCM-A,4.0,2.0,0.1,1.0,20,20/20,20,20,0.8502080123358642,0.5,0.8012831262964993,0.5415368930131036,70.83968421960284,89.45006902225909,83.50294532756017,9.002154708842793,0.1303387584419047,0.4406507191861394,0.30726873351632655,0.8465562110603583,False
792,PCM-A,4.0,2.0,0.1,1.0,20,continuous,20,0,0.8502080123358642,1.0,0.8012831262964993,0.6797404526928739,70.83968421960284,88.92433529601973,83.50294532756017,8.92614275101892,0.20535425912316138,0.4406507191861394,0.4347749337888292,0.8383965634869297,False
793,PCM-A,4.0,2.0,0.1,1.0,30,10/10,10,10,0.9135775411206606,0.5,0.8190982941427943,0.5308341161799125,71.24622699289135,89.62805437382897,83.9417558034707,9.008041236101048,0.12523771506689282,0.38965811532586736,0.3089106829310347,0.8516330418925924,False
794,PCM-A,4.0,2.0,0.1,1.0,30,15/15,15,15,0.9135775411206606,0.5,0.8190982941427943,0.5427301731725722,71.24622699289135,89.57937083793507,83.9417558034707,9.001498404755086,0.1309137959430801,0.38965811532586736,0.3111811152815096,0.8509243775192403,False
795,PCM-A,4.0,2.0,0.1,1.0,30,20/20,20,20,0.9135775411206606,0.5,0.8190982941427943,0.5518377774157653,71.24622699289135,89.54248825893886,83.9417558034707,8.99648922242133,0.13534441448140969,0.38965811532586736,0.31295336269684143,0.8503825417055992,False
796,PCM-A,4.0,2.0,0.1,1.0,30,continuous,20,0,0.9135775411206606,1.0,0.8190982941427943,0.7003422214981972,71.24622699289135,88.98616264255679,83.9417558034707,8.914811778175991,0.21799076765023553,0.38965811532586736,0.44351190396437173,0.841630533295481,False
797,PCM-A,4.0,2.0,0.1,1.0,40,10/10,10,10,0.9501385787369497,0.5,0.8293767518536106,0.5826033173419456,71.47912150231193,89.49720877933264,84.19442934437832,8.57956817546193,0.15085627794570655,0.3616639132706287,0.33819996342488384,0.8444875625313822,False
798,PCM-A,4.0,2.0,0.1,1.0,40,15/15,15,15,0.9501385787369497,0.5,0.8293767518536106,0.5949754501657389,71.47912150231193,89.44914284338827,84.19442934437832,8.572763502408844,0.15733146057774386,0.3616639132706287,0.34079003647769873,0.8437552589209173,False
799,PCM-A,4.0,2.0,0.1,1.0,40,20/20,20,20,0.9501385787369497,0.5,0.8293767518536106,0.6044475373852991,71.47912150231193,89.41274346563254,84.19442934437832,8.567553854438087,0.16238081131162338,0.3616639132706287,0.3428097767712505,0.8431953440174913,False
800,PCM-A,4.0,2.0,0.1,1.0,40,continuous,20,0,0.9501385787369497,1.0,0.8293767518536106,0.758895074770598,71.47912150231193,88.86539423895049,84.19442934437832,8.482607708876172,0.25596521533825406,0.3616639132706287,0.4777435383819028,0.8341505656648155,False
801,PCM-A,4.0,2.0,0.1,2.0,10,10/10,10,10,0.740372585328781,0.5,0.7704049328630949,0.509165535998852,70.12616472423862,89.3486125181965,82.7397123439155,9.019958955200632,0.11522201913288808,0.5364588063258323,0.32925562567742156,0.8407591057770003,False
802,PCM-A,4.0,2.0,0.1,2.0,10,15/15,15,15,0.740372585328781,0.5,0.7704049328630949,0.5180367764617649,70.12616472423862,89.31145645717814,82.7397123439155,9.01507977294603,0.11927204522973181,0.5364588063258323,0.33087563611615906,0.8402290674427157,False
803,PCM-A,4.0,2.0,0.1,2.0,10,20/20,20,20,0.740372585328781,0.5,0.7704049328630949,0.5248285854899383,70.12616472423862,89.28323177861634,82.7397123439155,9.011344277980534,0.12242001962105309,0.5364588063258323,0.33213482587268756,0.8398236792365906,False
804,PCM-A,4.0,2.0,0.1,2.0,10,continuous,20,0,0.740372585328781,1.0,0.7704049328630949,0.6355727281986828,70.12616472423862,88.84905882252066,82.7397123439155,8.950434999490724,0.17953453014662965,0.5364588063258323,0.4524806300829182,0.8332615281519546,False
805,PCM-A,4.0,2.0,0.1,2.0,20,10/10,10,10,0.8502080123358642,0.5,0.8012831262964993,0.48032887401229385,70.83968421960284,89.70715525689118,83.50294532756017,9.035819119293238,0.10254036764885247,0.4406507191861394,0.30552437719910563,0.8502145966515754,False
806,PCM-A,4.0,2.0,0.1,2.0,20,15/15,15,15,0.8502080123358642,0.5,0.8012831262964993,0.4905161768249409,70.83968421960284,89.66326755812781,83.50294532756017,9.030216102746284,0.10693605321198077,0.4406507191861394,0.30728265142435696,0.8496036824644102,False
807,PCM-A,4.0,2.0,0.1,2.0,20,20/20,20,20,0.8502080123358642,0.5,0.8012831262964993,0.49831556130842214,70.83968421960284,89.62996808307126,83.50294532756017,9.025926441280369,0.1103637327298346,0.4406507191861394,0.30865372323149853,0.8491365210626065,False
808,PCM-A,4.0,2.0,0.1,2.0,20,continuous,20,0,0.8502080123358642,1.0,0.8012831262964993,0.6254887701981446,70.83968421960284,89.12209490073955,83.50294532756017,8.95598117639102,0.1738827562862166,0.4406507191861394,0.4315613326540513,0.8415837710522166,False
809,PCM-A,4.0,2.0,0.1,2.0,30,10/10,10,10,0.9135775411206606,0.5,0.8190982941427943,0.48846699823912565,71.24622699289135,89.80621880996281,83.9417558034707,9.031343150968482,0.10604444816388534,0.38965811532586736,0.3106083761698317,0.8541657057622077,False
810,PCM-A,4.0,2.0,0.1,2.0,30,15/15,15,15,0.9135775411206606,0.5,0.8190982941427943,0.49941360297490084,71.24622699289135,89.75945993017554,83.9417558034707,9.025322518363804,0.11085064303838751,0.38965811532586736,0.31253085411963255,0.8535099935174765,False
811,PCM-A,4.0,2.0,0.1,2.0,30,20/20,20,20,0.9135775411206606,0.5,0.8190982941427943,0.5077943079262659,71.24622699289135,89.72400575033286,83.9417558034707,9.020713130640555,0.11460224851658461,0.38965811532586736,0.31403149631091143,0.8530086147666237,False
812,PCM-A,4.0,2.0,0.1,2.0,30,continuous,20,0,0.9135775411206606,1.0,0.8190982941427943,0.644446263433832,71.24622699289135,89.18592693940526,83.9417558034707,8.945554555111393,0.1845826606461458,0.38965811532586736,0.43952366116273595,0.8449069997872959,False
813,PCM-A,4.0,2.0,0.1,2.0,40,10/10,10,10,0.9501385787369497,0.5,0.8293767518536106,0.5361043778311434,71.47912150231193,89.68327002468472,84.19442934437832,8.605142592192871,0.1277368461909855,0.3616639132706287,0.3383271907229954,0.8472497820335583,False
814,PCM-A,4.0,2.0,0.1,2.0,40,15/15,15,15,0.9501385787369497,0.5,0.8293767518536106,0.5474890616674888,71.47912150231193,89.63691230831166,84.19442934437832,8.598881016082881,0.13321967673135438,0.3616639132706287,0.34052032293914297,0.8465720097090099,False
815,PCM-A,4.0,2.0,0.1,2.0,40,20/20,20,20,0.9501385787369497,0.5,0.8293767518536106,0.5562051593525698,71.47912150231193,89.60177590134074,84.19442934437832,8.594087162356088,0.13749519079574113,0.3616639132706287,0.3422305285648976,0.8460537613751882,False
816,PCM-A,4.0,2.0,0.1,2.0,40,continuous,20,0,0.9501385787369497,1.0,0.8293767518536106,0.6983258759239455,71.47912150231193,89.07003151412633,84.19442934437832,8.51592076824183,0.21673734621553142,0.3616639132706287,0.47142739073281376,0.8376792001180504,False
817,PCM-A,4.0,2.0,0.3,0.5,10,10/10,10,10,0.740372585328781,0.5,0.6184360589943064,0.6013207614674775,68.59695746082123,88.47360681915693,82.28095016489027,8.969273581192889,0.1607051814097009,1.1452040951947415,0.5305286330261976,0.8090788999946408,False
818,PCM-A,4.0,2.0,0.3,0.5,10,15/15,15,15,0.740372585328781,0.5,0.6184360589943064,0.6117976313519544,68.59695746082123,88.4336209754035,82.28095016489027,8.963511302756427,0.16635392965682755,1.1452040951947415,0.5327881323250483,0.8084600957641864,False
819,PCM-A,4.0,2.0,0.3,0.5,10,20/20,20,20,0.740372585328781,0.5,0.6184360589943064,0.619818707972058,68.59695746082123,88.40328976238534,82.28095016489027,8.95909971061537,0.1707445470009561,1.1452040951947415,0.5345443792626997,0.8079868588101542,False
820,PCM-A,4.0,2.0,0.3,0.5,10,continuous,20,0,0.740372585328781,1.0,0.6184360589943064,0.7506067278073899,68.59695746082123,87.9415562542795,82.28095016489027,8.887166299705937,0.2504046488132076,1.1452040951947415,0.6639084199876003,0.8003308862189822,False
821,PCM-A,4.0,2.0,0.3,0.5,20,10/10,10,10,0.8502080123358642,0.5,0.643223268215372,0.5672648752812285,69.3076188998577,88.841034606856,83.04332573163663,8.988004318595324,0.143017528323479,1.0303455935794865,0.4986988512748273,0.8179980410774296,False
822,PCM-A,4.0,2.0,0.3,0.5,20,15/15,15,15,0.8502080123358642,0.5,0.643223268215372,0.5792960051427251,69.3076188998577,88.79356293335029,83.04332573163663,8.981387197171502,0.14914838292192006,1.0303455935794865,0.5011511931142036,0.8172845771586803,False
823,PCM-A,4.0,2.0,0.3,0.5,20,20/20,20,20,0.8502080123358642,0.5,0.643223268215372,0.5885070209813837,69.3076188998577,88.75760274984427,83.04332573163663,8.97632113846024,0.15392911721972571,1.0303455935794865,0.5030634868333259,0.8167390568754309,False
824,PCM-A,4.0,2.0,0.3,0.5,20,continuous,20,0,0.8502080123358642,1.0,0.643223268215372,0.7386976474105907,69.3076188998577,88.21566407298589,83.04332573163663,8.893716293924175,0.24252187301775174,1.0303455935794865,0.6360005891525363,0.807925769256467,False
825,PCM-A,4.0,2.0,0.3,0.5,30,10/10,10,10,0.9135775411206606,0.5,0.6575242438753275,0.5768759402709187,69.7135539700707,88.93702461322552,83.4819538966245,8.982718232850996,0.1479048224282029,0.9668384926325962,0.5003314966137119,0.821394615857203,False
826,PCM-A,4.0,2.0,0.3,0.5,30,15/15,15,15,0.9135775411206606,0.5,0.6575242438753275,0.589803800131439,69.7135539700707,88.88652519053731,83.4819538966245,8.975607909927708,0.1546082322886606,0.9668384926325962,0.503012860557895,0.8206289138551686,False
827,PCM-A,4.0,2.0,0.3,0.5,30,20/20,20,20,0.9135775411206606,0.5,0.6575242438753275,0.5997013511766072,69.7135539700707,88.8483017477662,83.4819538966245,8.970164256852867,0.15984076026802146,0.9668384926325962,0.5051058717496393,0.8200435009673446,False
828,PCM-A,4.0,2.0,0.3,0.5,30,continuous,20,0,0.9135775411206606,1.0,0.6575242438753275,0.7610863078010375,69.7135539700707,88.275583522246,83.4819538966245,8.88140253070943,0.257445496854318,0.9668384926325962,0.641647766384158,0.8105910111097099,False
829,PCM-A,4.0,2.0,0.3,0.5,40,10/10,10,10,0.9501385787369497,0.5,0.6657751890705946,0.6331353359788245,69.94642839871032,88.79879330427576,83.73462141329784,8.551775565211647,0.1781601571844529,0.931116970008286,0.5290027432764326,0.8137304881870029,False
830,PCM-A,4.0,2.0,0.3,0.5,40,15/15,15,15,0.9501385787369497,0.5,0.6657751890705946,0.6465805640422437,69.94642839871032,88.74915891212612,83.73462141329784,8.544380689776766,0.18580730035430493,0.931116970008286,0.5320616005443735,0.8129394533100565,False
831,PCM-A,4.0,2.0,0.3,0.5,40,20/20,20,20,0.9501385787369497,0.5,0.6657751890705946,0.6568742114446273,69.94642839871032,88.71160738208354,83.73462141329784,8.538719183705455,0.19177054651600045,0.931116970008286,0.5344468990090516,0.8123346633590949,False
832,PCM-A,4.0,2.0,0.3,0.5,40,continuous,20,0,0.9501385787369497,1.0,0.6657751890705946,0.8247177347525284,69.89699292920527,88.13451862566934,83.71979077244632,8.44640524588611,0.3022930408957075,0.931116970008286,0.6761558967609345,0.8023783822848595,False
833,PCM-A,4.0,2.0,0.3,1.0,10,10/10,10,10,0.740372585328781,0.5,0.6184360589943064,0.553327938766719,68.59695746082123,88.66222659883634,82.28095016489027,8.995669633678306,0.1360763590310338,1.1452040951947415,0.5230208540747309,0.8119235708730287,False
834,PCM-A,4.0,2.0,0.3,1.0,10,15/15,15,15,0.740372585328781,0.5,0.6184360589943064,0.5629686250516184,68.59695746082123,88.62360707153341,82.28095016489027,8.99036725622161,0.14085941013000428,1.1452040951947415,0.5249340745143191,0.8113507967742768,False
835,PCM-A,4.0,2.0,0.3,1.0,10,20/20,20,20,0.740372585328781,0.5,0.6184360589943064,0.5703495207021536,68.59695746082123,88.59429063480606,82.28095016489027,8.986307763613816,0.14457714478452283,1.1452040951947415,0.5264211683761265,0.8109127428798503,False
836,PCM-A,4.0,2.0,0.3,1.0,10,continuous,20,0,0.740372585328781,1.0,0.6184360589943064,0.6906990414043073,68.59695746082123,88.14557494610435,82.28095016489027,8.920115527227631,0.21202896257636844,1.1452040951947415,0.6509018954928647,0.8038239564892715,False
837,PCM-A,4.0,2.0,0.3,1.0,20,10/10,10,10,0.8502080123358642,0.5,0.643223268215372,0.5219901328670464,69.3076188998577,89.02488408446472,83.04332573163663,9.012905426923124,0.12109942169358079,1.0303455935794865,0.49227535862286803,0.8206924820777867,False
838,PCM-A,4.0,2.0,0.3,1.0,20,15/15,15,15,0.8502080123358642,0.5,0.643223268215372,0.5330610299886598,69.3076188998577,88.97915614587862,83.04332573163663,9.006816433506238,0.12629069408558702,1.0303455935794865,0.4943518675796705,0.8200321984233836,False
839,PCM-A,4.0,2.0,0.3,1.0,20,20/20,20,20,0.8502080123358642,0.5,0.643223268215372,0.5415368930131036,69.3076188998577,88.9444874667432,83.04332573163663,9.002154708842793,0.1303387584419047,1.0303455935794865,0.4959710933221975,0.8195273128408314,False
840,PCM-A,4.0,2.0,0.3,1.0,20,continuous,20,0,0.8502080123358642,1.0,0.643223268215372,0.6797404526928739,69.3076188998577,88.41875374050385,83.04332573163663,8.92614275101892,0.20535425912316138,1.0303455935794865,0.6234772935947003,0.811367665267403,False
841,PCM-A,4.0,2.0,0.3,1.0,30,10/10,10,10,0.9135775411206606,0.5,0.6575242438753275,0.5308341161799125,69.7135539700707,89.12227227629816,83.4819538966245,9.008041236101048,0.12523771506689282,0.9668384926325962,0.49360840366918796,0.8241315494720514,False
842,PCM-A,4.0,2.0,0.3,1.0,30,15/15,15,15,0.9135775411206606,0.5,0.6575242438753275,0.5427301731725722,69.7135539700707,89.07358874040426,83.4819538966245,9.001498404755086,0.1309137959430801,0.9668384926325962,0.4958788360196628,0.8234228850986993,False
843,PCM-A,4.0,2.0,0.3,1.0,30,20/20,20,20,0.9135775411206606,0.5,0.6575242438753275,0.5518377774157653,69.7135539700707,89.03670616140805,83.4819538966245,8.99648922242133,0.13534441448140969,0.9668384926325962,0.4976510834349947,0.8228810492850582,False
844,PCM-A,4.0,2.0,0.3,1.0,30,continuous,20,0,0.9135775411206606,1.0,0.6575242438753275,0.7003422214981972,69.7135539700707,88.48038054502598,83.4819538966245,8.914811778175991,0.21799076765023553,0.9668384926325962,0.6282096247025251,0.8141290408749399,False
845,PCM-A,4.0,2.0,0.3,1.0,40,10/10,10,10,0.9501385787369497,0.5,0.6657751890705946,0.5826033173419456,69.94642839871032,88.9914200551441,83.73462141329784,8.57956817546193,0.15085627794570655,0.931116970008286,0.5204249415809342,0.8167146750344887,False
846,PCM-A,4.0,2.0,0.3,1.0,40,15/15,15,15,0.9501385787369497,0.5,0.6657751890705946,0.5949754501657389,69.94642839871032,88.94335411919974,83.73462141329784,8.572763502408844,0.15733146057774386,0.931116970008286,0.5230150146337491,0.8159823714240237,False
847,PCM-A,4.0,2.0,0.3,1.0,40,20/20,20,20,0.9501385787369497,0.5,0.6657751890705946,0.6044475373852991,69.94642839871032,88.90695474144401,83.73462141329784,8.567553854438087,0.16238081131162338,0.931116970008286,0.5250347549273009,0.8154224565205976,False
848,PCM-A,4.0,2.0,0.3,1.0,40,continuous,20,0,0.9501385787369497,1.0,0.6657751890705946,0.758895074770598,69.94642839871032,88.35960551476195,83.73462141329784,8.482607708876172,0.25596521533825406,0.931116970008286,0.6599685165379532,0.8063776781679219,False
849,PCM-A,4.0,2.0,0.3,2.0,10,10/10,10,10,0.740372585328781,0.5,0.6184360589943064,0.509165535998852,68.59695746082123,88.84397412126877,82.28095016489027,9.019958955200632,0.11522201913288808,1.1452040951947415,0.5240541181154725,0.8145562566375478,False
850,PCM-A,4.0,2.0,0.3,2.0,10,15/15,15,15,0.740372585328781,0.5,0.6184360589943064,0.5180367764617649,68.59695746082123,88.80681806025041,82.28095016489027,9.01507977294603,0.11927204522973181,1.1452040951947415,0.5256741285542099,0.8140262183032634,False
851,PCM-A,4.0,2.0,0.3,2.0,10,20/20,20,20,0.740372585328781,0.5,0.6184360589943064,0.5248285854899383,68.59695746082123,88.77859338168861,82.28095016489027,9.011344277980534,0.12242001962105309,1.1452040951947415,0.5269333183107385,0.8136208300971383,False
852,PCM-A,4.0,2.0,0.3,2.0,10,continuous,20,0,0.740372585328781,1.0,0.6184360589943064,0.6355727281986828,68.59695746082123,88.34442042559293,82.28095016489027,8.950434999490724,0.17953453014662965,1.1452040951947415,0.6472791225209691,0.8070586790125022,False
853,PCM-A,4.0,2.0,0.3,2.0,20,10/10,10,10,0.8502080123358642,0.5,0.643223268215372,0.48032887401229385,69.3076188998577,89.20157370137528,83.04332573163663,9.035819119293238,0.10254036764885247,1.0303455935794865,0.4942267370049767,0.8231856984320487,False
854,PCM-A,4.0,2.0,0.3,2.0,20,15/15,15,15,0.8502080123358642,0.5,0.643223268215372,0.4905161768249409,69.3076188998577,89.15768600261194,83.04332573163663,9.030216102746284,0.10693605321198077,1.0303455935794865,0.49598501123022803,0.8225747842448836,False
855,PCM-A,4.0,2.0,0.3,2.0,20,20/20,20,20,0.8502080123358642,0.5,0.643223268215372,0.49831556130842214,69.3076188998577,89.12438652755537,83.04332573163663,9.025926441280369,0.1103637327298346,1.0303455935794865,0.4973560830373695,0.8221076228430799,False
856,PCM-A,4.0,2.0,0.3,2.0,20,continuous,20,0,0.8502080123358642,1.0,0.643223268215372,0.6254887701981446,69.3076188998577,88.61651334522367,83.04332573163663,8.95598117639102,0.1738827562862166,1.0303455935794865,0.6202636924599223,0.8145548728326899,False
857,PCM-A,4.0,2.0,0.3,2.0,30,10/10,10,10,0.9135775411206606,0.5,0.6575242438753275,0.48846699823912565,69.7135539700707,89.300436712432,83.4819538966245,9.031343150968482,0.10604444816388534,0.9668384926325962,0.49530609690798494,0.8266642133416668,False
858,PCM-A,4.0,2.0,0.3,2.0,30,15/15,15,15,0.9135775411206606,0.5,0.6575242438753275,0.49941360297490084,69.7135539700707,89.25367783264473,83.4819538966245,9.025322518363804,0.11085064303838751,0.9668384926325962,0.49722857485778577,0.8260085010969356,False
859,PCM-A,4.0,2.0,0.3,2.0,30,20/20,20,20,0.9135775411206606,0.5,0.6575242438753275,0.5077943079262659,69.7135539700707,89.21822365280205,83.4819538966245,9.020713130640555,0.11460224851658461,0.9668384926325962,0.49872921704906464,0.8255071223460826,False
860,PCM-A,4.0,2.0,0.3,2.0,30,continuous,20,0,0.9135775411206606,1.0,0.6575242438753275,0.644446263433832,69.7135539700707,88.68014484187445,83.4819538966245,8.945554555111393,0.1845826606461458,0.9668384926325962,0.624221381900889,0.8174055073667548,False
861,PCM-A,4.0,2.0,0.3,2.0,40,10/10,10,10,0.9501385787369497,0.5,0.6657751890705946,0.5361043778311434,69.94642839871032,89.17748130049618,83.73462141329784,8.605142592192871,0.1277368461909855,0.931116970008286,0.5205521688790458,0.8194768945366647,False
862,PCM-A,4.0,2.0,0.3,2.0,40,15/15,15,15,0.9501385787369497,0.5,0.6657751890705946,0.5474890616674888,69.94642839871032,89.13112358412313,83.73462141329784,8.598881016082881,0.13321967673135438,0.931116970008286,0.5227453010951932,0.8187991222121165,False
863,PCM-A,4.0,2.0,0.3,2.0,40,20/20,20,20,0.9501385787369497,0.5,0.6657751890705946,0.5562051593525698,69.94642839871032,89.09598717715221,83.73462141329784,8.594087162356088,0.13749519079574113,0.931116970008286,0.524455506720948,0.8182808738782946,False
864,PCM-A,4.0,2.0,0.3,2.0,40,continuous,20,0,0.9501385787369497,1.0,0.6657751890705946,0.6983258759239455,69.94642839871032,88.5642427899378,83.73462141329784,8.51592076824183,0.21673734621553142,0.931116970008286,0.653652368888864,0.809906312621157,False
865,PCM-A,8.0,0.5,0.05,0.5,10,10/10,10,10,0.740372585328781,0.5,0.49437882122335325,0.5771316940236936,67.0938272775299,88.07150942412959,81.83001110990287,8.982577568286969,0.14803599655407035,1.5,0.7772768986216281,0.7881428501218758,False
866,PCM-A,8.0,0.5,0.05,0.5,10,15/15,15,15,0.740372585328781,0.5,0.49437882122335325,0.5853516795307876,67.0938272775299,88.03933281630229,81.83001110990287,8.978056576258068,0.15228292832422838,1.5,0.7789756713296913,0.7876558661577037,False
867,PCM-A,8.0,0.5,0.05,0.5,10,20/20,20,20,0.740372585328781,0.5,0.49437882122335325,0.5916448886949324,67.0938272775299,88.01487659443349,81.83001110990287,8.974595311217788,0.1555749663639284,1.5,0.7802924865455713,0.7872833597136174,False
868,PCM-A,8.0,0.5,0.05,0.5,10,continuous,20,0,0.740372585328781,1.0,0.49437882122335325,0.6942590892531387,67.0938272775299,87.63707348395366,81.83001110990287,8.918157500910775,0.2142203035602656,1.5,0.9012506214241063,0.7812480221743514,False
869,PCM-A,8.0,0.5,0.05,0.5,20,10/10,10,10,0.8502080123358642,0.5,0.5141937577845473,0.5394873219801364,67.79046389155087,88.45218272255296,82.58817922914459,9.003281972910926,0.12935403136768858,1.5,0.7818041125470754,0.7965624430812711,False
870,PCM-A,8.0,0.5,0.05,0.5,20,15/15,15,15,0.8502080123358642,0.5,0.5141937577845473,0.5489267551491973,67.79046389155087,88.4138385425675,82.58817922914459,8.998090284667942,0.13392025889716747,1.5,0.7836306035588669,0.796000649102069,False
871,PCM-A,8.0,0.5,0.05,0.5,20,20/20,20,20,0.8502080123358642,0.5,0.5141937577845473,0.556153571701684,67.79046389155087,88.38472595072079,82.58817922914459,8.994115535564074,0.1374696868073512,1.5,0.7850503747229404,0.7955709887639243,False
872,PCM-A,8.0,0.5,0.05,0.5,20,continuous,20,0,0.8502080123358642,1.0,0.5141937577845473,0.6739907488511913,67.79046389155087,87.93854691116435,82.58817922914459,8.929305088131846,0.20189490201643984,1.5,0.9083204608065759,0.7886176155160439,False
873,PCM-A,8.0,0.5,0.05,0.5,30,10/10,10,10,0.9135775411206606,0.5,0.5256259816762298,0.5470280107348996,68.18928714775664,88.55313410573333,83.0246738499303,8.999134594095805,0.1329953975682584,1.5,0.8032606590273034,0.7996690353186335,False
874,PCM-A,8.0,0.5,0.05,0.5,30,15/15,15,15,0.9135775411206606,0.5,0.5256259816762298,0.5571710040013014,68.18928714775664,88.5122558581807,83.0246738499303,8.993555947799285,0.13797312342214144,1.5,0.8052517493688566,0.799065964449562,False
875,PCM-A,8.0,0.5,0.05,0.5,30,20/20,20,20,0.9135775411206606,0.5,0.5256259816762298,0.5649364651594617,68.18928714775664,88.48123856879168,83.0246738499303,8.989284944162296,0.14184587096305232,1.5,0.8068008483852209,0.7986047676844674,False
876,PCM-A,8.0,0.5,0.05,0.5,30,continuous,20,0,0.9135775411206606,1.0,0.5256259816762298,0.6915565357667467,68.18928714775664,88.00803644564849,83.0246738499303,8.91964390532829,0.21255575207186825,1.5,0.9325848008287473,0.79114459847672,False
877,PCM-A,8.0,0.5,0.05,0.5,40,10/10,10,10,0.9501385787369497,0.5,0.5322218010827632,0.6020929032666478,68.41837333697704,88.4117127940835,83.27620489477786,8.568848903203344,0.1611181618506937,1.5,0.8425097647402775,0.7918274826749622,False
878,PCM-A,8.0,0.5,0.05,0.5,40,15/15,15,15,0.9501385787369497,0.5,0.5322218010827632,0.6126418153978017,68.41837333697704,88.37148451671614,83.27620489477786,8.56304700153121,0.16681333065507298,1.5,0.8447878322620291,0.7912044831920848,False
879,PCM-A,8.0,0.5,0.05,0.5,40,20/20,20,20,0.9501385787369497,0.5,0.5322218010827632,0.620718047459068,68.41837333697704,88.34097134743685,83.27620489477786,8.558605073897512,0.17124039752951015,1.5,0.846558659011804,0.7907280410758333,False
880,PCM-A,8.0,0.5,0.05,0.5,40,continuous,20,0,0.9501385787369497,1.0,0.5322218010827632,0.7524054067814098,68.41837333697704,87.87668499262423,83.27620489477786,8.486177026270225,0.25160617606839947,1.5,0.9762049704273599,0.7830205684206976,False
881,PCM-A,8.0,0.5,0.05,1.0,10,10/10,10,10,0.740372585328781,0.5,0.49437882122335325,0.5310694576248169,67.0938272775299,88.25679372822168,81.83001110990287,9.00791179830635,0.12534878614307432,1.5,0.7705457644572298,0.790880913439918,False
882,PCM-A,8.0,0.5,0.05,1.0,10,15/15,15,15,0.740372585328781,0.5,0.49437882122335325,0.5386333867767603,67.0938272775299,88.22577931946813,81.83001110990287,9.003751637272783,0.12894485571137912,1.5,0.7719841922845516,0.7904302099695054,False
883,PCM-A,8.0,0.5,0.05,1.0,10,20/20,20,20,0.740372585328781,0.5,0.49437882122335325,0.5444243201324056,67.0938272775299,88.2021927803536,81.83001110990287,9.000566623927178,0.13173237348961425,1.5,0.7730991993958456,0.7900854428444624,False
884,PCM-A,8.0,0.5,0.05,1.0,10,continuous,20,0,0.740372585328781,1.0,0.49437882122335325,0.6388486402648113,67.0938272775299,87.83626214016529,81.83001110990287,8.948633247854355,0.18139003785253252,1.5,0.890462265141013,0.784498162947732,False
885,PCM-A,8.0,0.5,0.05,1.0,20,10/10,10,10,0.8502080123358642,0.5,0.5141937577845473,0.49642957135480725,67.79046389155087,88.63175381762971,82.58817922914459,9.026963735754856,0.10952991969578561,1.5,0.7762182178783141,0.7991336366490887,False
886,PCM-A,8.0,0.5,0.05,1.0,20,15/15,15,15,0.8502080123358642,0.5,0.5141937577845473,0.5051156211858759,67.79046389155087,88.59490369422515,82.58817922914459,9.02218640834777,0.11339635145155258,1.5,0.7777647905806211,0.7986137988074156,False
887,PCM-A,8.0,0.5,0.05,1.0,20,20/20,20,20,0.8502080123358642,0.5,0.5141937577845473,0.5117656485308056,67.79046389155087,88.56690683527601,82.58817922914459,9.018528893308057,0.11640181289606938,1.5,0.7789669751584278,0.798216208297216,False
888,PCM-A,8.0,0.5,0.05,1.0,20,continuous,20,0,0.8502080123358642,1.0,0.5141937577845473,0.620197963728278,67.79046389155087,88.1357187667508,82.58817922914459,8.958891119949447,0.17095356187231217,1.5,0.8982876747489248,0.7917798599918328,False
889,PCM-A,8.0,0.5,0.05,1.0,30,10/10,10,10,0.9135775411206606,0.5,0.5256259816762298,0.5033684200241463,68.18928714775664,88.73390208606746,83.0246738499303,9.02314736898672,0.11261322945671348,1.5,0.7974515417826853,0.8022737517158236,False
890,PCM-A,8.0,0.5,0.05,1.0,30,15/15,15,15,0.9135775411206606,0.5,0.5256259816762298,0.5127018771682604,68.18928714775664,88.69459188253515,83.0246738499303,9.018013967557458,0.11682809548971466,1.5,0.7991374881958859,0.8017156953869349,False
891,PCM-A,8.0,0.5,0.05,1.0,30,20/20,20,20,0.9135775411206606,0.5,0.5256259816762298,0.5198475586274067,68.18928714775664,88.66474304960698,83.0246738499303,9.014083842754927,0.12010732631594447,1.5,0.8004491805263778,0.801288902743638,False
892,PCM-A,8.0,0.5,0.05,1.0,30,continuous,20,0,0.9135775411206606,1.0,0.5256259816762298,0.6363617839214801,68.18928714775664,88.20696501162612,83.0246738499303,8.950001018843187,0.17998058668254602,1.5,0.9218984846730185,0.7943830355171491,False
893,PCM-A,8.0,0.5,0.05,1.0,40,10/10,10,10,0.9501385787369497,0.5,0.5322218010827632,0.5540384541148469,68.41837333697704,88.60043486561273,83.27620489477786,8.595278850236834,0.1364260482835419,1.5,0.8349766693134169,0.7946755488930346,False
894,PCM-A,8.0,0.5,0.05,1.0,40,15/15,15,15,0.9501385787369497,0.5,0.5322218010827632,0.5637454327854616,68.41837333697704,88.56157868283266,83.27620489477786,8.589940011967997,0.1412484057717633,1.5,0.8369056123087053,0.7940988894040623,False
895,PCM-A,8.0,0.5,0.05,1.0,40,20/20,20,20,0.9501385787369497,0.5,0.5322218010827632,0.5711770817918196,68.41837333697704,88.53208432556343,83.27620489477786,8.5858526050145,0.14499700389520842,1.5,0.8384050515580834,0.7936578668635307,False
896,PCM-A,8.0,0.5,0.05,1.0,40,continuous,20,0,0.9501385787369497,1.0,0.5322218010827632,0.692354163583639,68.41837333697704,88.08083986144334,83.27620489477786,8.519205210028998,0.2130463501473779,1.5,0.9631247900589512,0.7865213601436609,False
897,PCM-A,8.0,0.5,0.05,2.0,10,10/10,10,10,0.740372585328781,0.5,0.49437882122335325,0.48868355653040696,67.0938272775299,88.43499689455398,81.83001110990287,9.031224043908276,0.10613849707698107,1.5,0.7722366488307923,0.7934146260734571,False
898,PCM-A,8.0,0.5,0.05,2.0,10,15/15,15,15,0.740372585328781,0.5,0.49437882122335325,0.4956437907262267,67.0938272775299,88.40521318405315,81.83001110990287,9.027395915100575,0.10918345212687272,1.5,0.7734546308507491,0.792997604178273,False
899,PCM-A,8.0,0.5,0.05,2.0,10,20/20,20,20,0.740372585328781,0.5,0.49437882122335325,0.5009725360856832,67.0938272775299,88.38255051610162,81.83001110990287,9.024465105152874,0.11154376973872047,1.5,0.7743987578954882,0.7926785898557421,False
900,PCM-A,8.0,0.5,0.05,2.0,10,continuous,20,0,0.740372585328781,1.0,0.49437882122335325,0.5878606293901726,67.0938272775299,88.02956426143528,81.83001110990287,8.976676653835407,0.15359116426089325,1.5,0.8887177157043573,0.7875073229207994,False
901,PCM-A,8.0,0.5,0.05,2.0,20,10/10,10,10,0.8502080123358642,0.5,0.5141937577845473,0.4568083609656939,67.79046389155087,88.80396494052725,82.58817922914459,9.048755401468869,0.09274394606585051,1.5,0.7788788284263402,0.8015124457321502,False
902,PCM-A,8.0,0.5,0.05,2.0,20,15/15,15,15,0.8502080123358642,0.5,0.5141937577845473,0.4648011567529555,67.79046389155087,88.76867321043694,82.58817922914459,9.044359363785874,0.09601782903061579,1.5,0.7801883816122462,0.8010315531989538,False
903,PCM-A,8.0,0.5,0.05,2.0,20,20/20,20,20,0.8502080123358642,0.5,0.5141937577845473,0.4709204297920776,67.79046389155087,88.74184391990437,82.58817922914459,9.040993763614358,0.0985626894202467,1.5,0.7812063257680987,0.8006637321763872,False
904,PCM-A,8.0,0.5,0.05,2.0,20,continuous,20,0,0.8502080123358642,1.0,0.5141937577845473,0.5706985071654556,67.79046389155087,88.32676695562925,82.58817922914459,8.986115821059,0.14475412714705754,1.5,0.897182900858823,0.7947074063781738,False
905,PCM-A,8.0,0.5,0.05,2.0,30,10/10,10,10,0.9135775411206606,0.5,0.5256259816762298,0.4631934038207745,68.18928714775664,88.90736118013085,83.0246738499303,9.045243627898575,0.09535472415247782,1.5,0.799923139660991,0.804683677858812,False
906,PCM-A,8.0,0.5,0.05,2.0,30,15/15,15,15,0.9135775411206606,0.5,0.5256259816762298,0.47178193582242484,68.18928714775664,88.86969158108164,83.0246738499303,9.040519935297667,0.09892364220815758,1.5,0.801350706883263,0.8041674071398195,False
907,PCM-A,8.0,0.5,0.05,2.0,30,20/20,20,20,0.9135775411206606,0.5,0.5256259816762298,0.4783573036564304,68.18928714775664,88.84106966125923,83.0246738499303,9.036903482988963,0.10170031553842239,1.5,0.802461376215369,0.8037725518981075,False
908,PCM-A,8.0,0.5,0.05,2.0,30,continuous,20,0,0.9135775411206606,1.0,0.5256259816762298,0.5855722548941612,68.18928714775664,88.39997478396634,83.0246738499303,8.977935259808213,0.15239771808970334,1.5,0.9202403372358814,0.7973813283082087,False
909,PCM-A,8.0,0.5,0.05,2.0,40,10/10,10,10,0.9501385787369497,0.5,0.5322218010827632,0.5098193434477786,68.41837333697704,88.78229170571254,83.27620489477786,8.619599361103722,0.1155181168682329,1.5,0.8359884967472931,0.7973113869567467,False
910,PCM-A,8.0,0.5,0.05,2.0,40,15/15,15,15,0.9501385787369497,0.5,0.5322218010827632,0.5187515853453574,68.41837333697704,88.7449057385382,83.27620489477786,8.614686628060054,0.11960142546592072,1.5,0.8376218201863683,0.7967777509991399,False
911,PCM-A,8.0,0.5,0.05,2.0,40,20/20,20,20,0.9501385787369497,0.5,0.5322218010827632,0.5255900969847865,68.41837333697704,88.71650794732885,83.27620489477786,8.610925446658367,0.12277553335487881,1.5,0.8388914633419515,0.7963696137995834,False
912,PCM-A,8.0,0.5,0.05,2.0,40,continuous,20,0,0.9501385787369497,1.0,0.5322218010827632,0.6370957511883792,68.41837333697704,88.27984546972083,83.27620489477786,8.549597336846391,0.18039599830323788,1.5,0.9594396493212952,0.7897632519218242,False
913,PCM-A,8.0,0.5,0.1,0.5,10,10/10,10,10,0.740372585328781,0.5,0.430381761297664,0.5771316940236936,66.21421755309561,87.78123821506628,81.56612819257259,8.982577568286969,0.14803599655407035,1.5,0.7772768986216281,0.776204345174091,False
914,PCM-A,8.0,0.5,0.1,0.5,10,15/15,15,15,0.740372585328781,0.5,0.430381761297664,0.5853516795307876,66.21421755309561,87.74906160723899,81.56612819257259,8.978056576258068,0.15228292832422838,1.5,0.7789756713296913,0.7757173612099191,False
915,PCM-A,8.0,0.5,0.1,0.5,10,20/20,20,20,0.740372585328781,0.5,0.430381761297664,0.5916448886949324,66.21421755309561,87.72460538537018,81.56612819257259,8.974595311217788,0.1555749663639284,1.5,0.7802924865455713,0.7753448547658328,False
916,PCM-A,8.0,0.5,0.1,0.5,10,continuous,20,0,0.740372585328781,1.0,0.430381761297664,0.6942590892531387,66.21421755309561,87.34680227489035,81.56612819257259,8.918157500910775,0.2142203035602656,1.5,0.9012506214241063,0.7693095172265668,False
917,PCM-A,8.0,0.5,0.1,0.5,20,10/10,10,10,0.8502080123358642,0.5,0.44763166548268846,0.5394873219801364,66.89818114647886,88.1577294166792,82.32049440562298,9.003281972910926,0.12935403136768858,1.5,0.7818041125470754,0.784232071388228,False
918,PCM-A,8.0,0.5,0.1,0.5,20,15/15,15,15,0.8502080123358642,0.5,0.44763166548268846,0.5489267551491973,66.89818114647886,88.11938523669374,82.32049440562298,8.998090284667942,0.13392025889716747,1.5,0.7836306035588669,0.7836702774090258,False
919,PCM-A,8.0,0.5,0.1,0.5,20,20/20,20,20,0.8502080123358642,0.5,0.44763166548268846,0.556153571701684,66.89818114647886,88.09027264484703,82.32049440562298,8.994115535564074,0.1374696868073512,1.5,0.7850503747229404,0.7832406170708812,False
920,PCM-A,8.0,0.5,0.1,0.5,20,continuous,20,0,0.8502080123358642,1.0,0.44763166548268846,0.6739907488511913,66.89818114647886,87.64409360529059,82.32049440562298,8.929305088131846,0.20189490201643984,1.5,0.9083204608065759,0.7762872438230007,False
921,PCM-A,8.0,0.5,0.1,0.5,30,10/10,10,10,0.9135775411206606,0.5,0.45758399443132003,0.5470280107348996,67.29022392657423,88.25644324274315,82.75495488357556,8.999134594095805,0.1329953975682584,1.5,0.8032606590273034,0.7871146141564795,False
922,PCM-A,8.0,0.5,0.1,0.5,30,15/15,15,15,0.9135775411206606,0.5,0.45758399443132003,0.5571710040013014,67.29022392657423,88.2155649951905,82.75495488357556,8.993555947799285,0.13797312342214144,1.5,0.8052517493688566,0.7865115432874081,False
923,PCM-A,8.0,0.5,0.1,0.5,30,20/20,20,20,0.9135775411206606,0.5,0.45758399443132003,0.5649364651594617,67.29022392657423,88.18454770580149,82.75495488357556,8.989284944162296,0.14184587096305232,1.5,0.8068008483852209,0.7860503465223135,False
924,PCM-A,8.0,0.5,0.1,0.5,30,continuous,20,0,0.9135775411206606,1.0,0.45758399443132003,0.6915565357667467,67.29022392657423,87.7113455826583,82.75495488357556,8.91964390532829,0.21255575207186825,1.5,0.9325848008287473,0.778590177314566,False
925,PCM-A,8.0,0.5,0.1,0.5,40,10/10,10,10,0.9501385787369497,0.5,0.46332598873107717,0.6020929032666478,67.51557009813942,88.11378772526709,83.00536392312657,8.568848903203344,0.1611181618506937,1.5,0.8425097647402775,0.7791444559856963,False
926,PCM-A,8.0,0.5,0.1,0.5,40,15/15,15,15,0.9501385787369497,0.5,0.46332598873107717,0.6126418153978017,67.51557009813942,88.07355944789973,83.00536392312657,8.56304700153121,0.16681333065507298,1.5,0.8447878322620291,0.778521456502819,False
927,PCM-A,8.0,0.5,0.1,0.5,40,20/20,20,20,0.9501385787369497,0.5,0.46332598873107717,0.620718047459068,67.51557009813942,88.04304627862044,83.00536392312657,8.558605073897512,0.17124039752951015,1.5,0.846558659011804,0.7780450143865674,False
928,PCM-A,8.0,0.5,0.1,0.5,40,continuous,20,0,0.9501385787369497,1.0,0.46332598873107717,0.7524054067814098,67.51557009813942,87.57875992380782,83.00536392312657,8.486177026270225,0.25160617606839947,1.5,0.9762049704273599,0.7703375417314318,False
929,PCM-A,8.0,0.5,0.1,1.0,10,10/10,10,10,0.740372585328781,0.5,0.430381761297664,0.5310694576248169,66.21421755309561,87.96652251915837,81.56612819257259,9.00791179830635,0.12534878614307432,1.5,0.7705457644572298,0.7789424084921333,False
930,PCM-A,8.0,0.5,0.1,1.0,10,15/15,15,15,0.740372585328781,0.5,0.430381761297664,0.5386333867767603,66.21421755309561,87.93550811040483,81.56612819257259,9.003751637272783,0.12894485571137912,1.5,0.7719841922845516,0.7784917050217207,False
931,PCM-A,8.0,0.5,0.1,1.0,10,20/20,20,20,0.740372585328781,0.5,0.430381761297664,0.5444243201324056,66.21421755309561,87.91192157129029,81.56612819257259,9.000566623927178,0.13173237348961425,1.5,0.7730991993958456,0.7781469378966777,False
932,PCM-A,8.0,0.5,0.1,1.0,10,continuous,20,0,0.740372585328781,1.0,0.430381761297664,0.6388486402648113,66.21421755309561,87.54599093110198,81.56612819257259,8.948633247854355,0.18139003785253252,1.5,0.890462265141013,0.7725596579999473,False
933,PCM-A,8.0,0.5,0.1,1.0,20,10/10,10,10,0.8502080123358642,0.5,0.44763166548268846,0.49642957135480725,66.89818114647886,88.33730051175596,82.32049440562298,9.026963735754856,0.10952991969578561,1.5,0.7762182178783141,0.7868032649560457,False
934,PCM-A,8.0,0.5,0.1,1.0,20,15/15,15,15,0.8502080123358642,0.5,0.44763166548268846,0.5051156211858759,66.89818114647886,88.3004503883514,82.32049440562298,9.02218640834777,0.11339635145155258,1.5,0.7777647905806211,0.7862834271143726,False
935,PCM-A,8.0,0.5,0.1,1.0,20,20/20,20,20,0.8502080123358642,0.5,0.44763166548268846,0.5117656485308056,66.89818114647886,88.27245352940226,82.32049440562298,9.018528893308057,0.11640181289606938,1.5,0.7789669751584278,0.785885836604173,False
936,PCM-A,8.0,0.5,0.1,1.0,20,continuous,20,0,0.8502080123358642,1.0,0.44763166548268846,0.620197963728278,66.89818114647886,87.84126546087704,82.32049440562298,8.958891119949447,0.17095356187231217,1.5,0.8982876747489248,0.7794494882987897,False
937,PCM-A,8.0,0.5,0.1,1.0,30,10/10,10,10,0.9135775411206606,0.5,0.45758399443132003,0.5033684200241463,67.29022392657423,88.43721122307727,82.75495488357556,9.02314736898672,0.11261322945671348,1.5,0.7974515417826853,0.7897193305536696,False
938,PCM-A,8.0,0.5,0.1,1.0,30,15/15,15,15,0.9135775411206606,0.5,0.45758399443132003,0.5127018771682604,67.29022392657423,88.39790101954496,82.75495488357556,9.018013967557458,0.11682809548971466,1.5,0.7991374881958859,0.7891612742247809,False
939,PCM-A,8.0,0.5,0.1,1.0,30,20/20,20,20,0.9135775411206606,0.5,0.45758399443132003,0.5198475586274067,67.29022392657423,88.36805218661681,82.75495488357556,9.014083842754927,0.12010732631594447,1.5,0.8004491805263778,0.7887344815814838,False
940,PCM-A,8.0,0.5,0.1,1.0,30,continuous,20,0,0.9135775411206606,1.0,0.45758399443132003,0.6363617839214801,67.29022392657423,87.91027414863593,82.75495488357556,8.950001018843187,0.17998058668254602,1.5,0.9218984846730185,0.781828614354995,False
941,PCM-A,8.0,0.5,0.1,1.0,40,10/10,10,10,0.9501385787369497,0.5,0.46332598873107717,0.5540384541148469,67.51557009813942,88.30250979679631,83.00536392312657,8.595278850236834,0.1364260482835419,1.5,0.8349766693134169,0.7819925222037687,False
942,PCM-A,8.0,0.5,0.1,1.0,40,15/15,15,15,0.9501385787369497,0.5,0.46332598873107717,0.5637454327854616,67.51557009813942,88.26365361401625,83.00536392312657,8.589940011967997,0.1412484057717633,1.5,0.8369056123087053,0.7814158627147965,False
943,PCM-A,8.0,0.5,0.1,1.0,40,20/20,20,20,0.9501385787369497,0.5,0.46332598873107717,0.5711770817918196,67.51557009813942,88.23415925674702,83.00536392312657,8.5858526050145,0.14499700389520842,1.5,0.8384050515580834,0.7809748401742648,False
944,PCM-A,8.0,0.5,0.1,1.0,40,continuous,20,0,0.9501385787369497,1.0,0.46332598873107717,0.692354163583639,67.51557009813942,87.78291479262693,83.00536392312657,8.519205210028998,0.2130463501473779,1.5,0.9631247900589512,0.773838333454395,False
945,PCM-A,8.0,0.5,0.1,2.0,10,10/10,10,10,0.740372585328781,0.5,0.430381761297664,0.48868355653040696,66.21421755309561,88.14472568549067,81.56612819257259,9.031224043908276,0.10613849707698107,1.5,0.7722366488307923,0.7814761211256727,False
946,PCM-A,8.0,0.5,0.1,2.0,10,15/15,15,15,0.740372585328781,0.5,0.430381761297664,0.4956437907262267,66.21421755309561,88.11494197498985,81.56612819257259,9.027395915100575,0.10918345212687272,1.5,0.7734546308507491,0.7810590992304884,False
947,PCM-A,8.0,0.5,0.1,2.0,10,20/20,20,20,0.740372585328781,0.5,0.430381761297664,0.5009725360856832,66.21421755309561,88.09227930703831,81.56612819257259,9.024465105152874,0.11154376973872047,1.5,0.7743987578954882,0.7807400849079578,False
948,PCM-A,8.0,0.5,0.1,2.0,10,continuous,20,0,0.740372585328781,1.0,0.430381761297664,0.5878606293901726,66.21421755309561,87.73929305237198,81.56612819257259,8.976676653835407,0.15359116426089325,1.5,0.8887177157043573,0.7755688179730149,False
949,PCM-A,8.0,0.5,0.1,2.0,20,10/10,10,10,0.8502080123358642,0.5,0.44763166548268846,0.4568083609656939,66.89818114647886,88.50951163465349,82.32049440562298,9.048755401468869,0.09274394606585051,1.5,0.7788788284263402,0.7891820740391069,False
950,PCM-A,8.0,0.5,0.1,2.0,20,15/15,15,15,0.8502080123358642,0.5,0.44763166548268846,0.4648011567529555,66.89818114647886,88.47421990456318,82.32049440562298,9.044359363785874,0.09601782903061579,1.5,0.7801883816122462,0.7887011815059106,False
951,PCM-A,8.0,0.5,0.1,2.0,20,20/20,20,20,0.8502080123358642,0.5,0.44763166548268846,0.4709204297920776,66.89818114647886,88.44739061403061,82.32049440562298,9.040993763614358,0.0985626894202467,1.5,0.7812063257680987,0.7883333604833441,False
952,PCM-A,8.0,0.5,0.1,2.0,20,continuous,20,0,0.8502080123358642,1.0,0.44763166548268846,0.5706985071654556,66.89818114647886,88.0323136497555,82.32049440562298,8.986115821059,0.14475412714705754,1.5,0.897182900858823,0.7823770346851309,False
953,PCM-A,8.0,0.5,0.1,2.0,30,10/10,10,10,0.9135775411206606,0.5,0.45758399443132003,0.4631934038207745,67.29022392657423,88.61067031714066,82.75495488357556,9.045243627898575,0.09535472415247782,1.5,0.799923139660991,0.7921292566966579,False
954,PCM-A,8.0,0.5,0.1,2.0,30,15/15,15,15,0.9135775411206606,0.5,0.45758399443132003,0.47178193582242484,67.29022392657423,88.57300071809145,82.75495488357556,9.040519935297667,0.09892364220815758,1.5,0.801350706883263,0.7916129859776655,False
955,PCM-A,8.0,0.5,0.1,2.0,30,20/20,20,20,0.9135775411206606,0.5,0.45758399443132003,0.4783573036564304,67.29022392657423,88.54437879826904,82.75495488357556,9.036903482988963,0.10170031553842239,1.5,0.802461376215369,0.7912181307359534,False
956,PCM-A,8.0,0.5,0.1,2.0,30,continuous,20,0,0.9135775411206606,1.0,0.45758399443132003,0.5855722548941612,67.29022392657423,88.10328392097615,82.75495488357556,8.977935259808213,0.15239771808970334,1.5,0.9202403372358814,0.7848269071460547,False
957,PCM-A,8.0,0.5,0.1,2.0,40,10/10,10,10,0.9501385787369497,0.5,0.46332598873107717,0.5098193434477786,67.51557009813942,88.48436663689613,83.00536392312657,8.619599361103722,0.1155181168682329,1.5,0.8359884967472931,0.7846283602674808,False
958,PCM-A,8.0,0.5,0.1,2.0,40,15/15,15,15,0.9501385787369497,0.5,0.46332598873107717,0.5187515853453574,67.51557009813942,88.44698066972178,83.00536392312657,8.614686628060054,0.11960142546592072,1.5,0.8376218201863683,0.7840947243098741,False
959,PCM-A,8.0,0.5,0.1,2.0,40,20/20,20,20,0.9501385787369497,0.5,0.46332598873107717,0.5255900969847865,67.51557009813942,88.41858287851244,83.00536392312657,8.610925446658367,0.12277553335487881,1.5,0.8388914633419515,0.7836865871103175,False
960,PCM-A,8.0,0.5,0.1,2.0,40,continuous,20,0,0.9501385787369497,1.0,0.46332598873107717,0.6370957511883792,67.51557009813942,87.98192040090441,83.00536392312657,8.549597336846391,0.18039599830323788,1.5,0.9594396493212952,0.7770802252325583,False
961,PCM-A,8.0,0.5,0.3,0.5,10,10/10,10,10,0.740372585328781,0.5,0.34548532721720554,0.5771316940236936,64.92368192045227,87.35536145629396,81.17896750277959,8.982577568286969,0.14803599655407035,1.5,0.7772768986216281,0.7598926478215241,False
962,PCM-A,8.0,0.5,0.3,0.5,10,15/15,15,15,0.740372585328781,0.5,0.34548532721720554,0.5853516795307876,64.92368192045227,87.32318484846667,81.17896750277959,8.978056576258068,0.15228292832422838,1.5,0.7789756713296913,0.759405663857352,False
963,PCM-A,8.0,0.5,0.3,0.5,10,20/20,20,20,0.740372585328781,0.5,0.34548532721720554,0.5916448886949324,64.92368192045227,87.29872862659786,81.17896750277959,8.974595311217788,0.1555749663639284,1.5,0.7802924865455713,0.7590331574132657,False
964,PCM-A,8.0,0.5,0.3,0.5,10,continuous,20,0,0.740372585328781,1.0,0.34548532721720554,0.6942590892531387,64.92368192045227,86.92092551611803,81.17896750277959,8.918157500910775,0.2142203035602656,1.5,0.9012506214241063,0.7529978198739999,False
965,PCM-A,8.0,0.5,0.3,0.5,20,10/10,10,10,0.8502080123358642,0.5,0.35933254224290645,0.5394873219801364,65.58374258484837,87.72396469134114,81.92616283713383,9.003281972910926,0.12935403136768858,1.5,0.7818041125470754,0.7673733311623016,False
966,PCM-A,8.0,0.5,0.3,0.5,20,15/15,15,15,0.8502080123358642,0.5,0.35933254224290645,0.5489267551491973,65.58374258484837,87.68562051135568,81.92616283713383,8.998090284667942,0.13392025889716747,1.5,0.7836306035588669,0.7668115371830995,False
967,PCM-A,8.0,0.5,0.3,0.5,20,20/20,20,20,0.8502080123358642,0.5,0.35933254224290645,0.556153571701684,65.58374258484837,87.65650791950897,81.92616283713383,8.994115535564074,0.1374696868073512,1.5,0.7850503747229404,0.7663818768449547,False
968,PCM-A,8.0,0.5,0.3,0.5,20,continuous,20,0,0.8502080123358642,1.0,0.35933254224290645,0.6739907488511913,65.58374258484837,87.21032887995253,81.92616283713383,8.929305088131846,0.20189490201643984,1.5,0.9083204608065759,0.7594285035970744,False
969,PCM-A,8.0,0.5,0.3,0.5,30,10/10,10,10,0.9135775411206606,0.5,0.3673216903262825,0.5470280107348996,65.96270001729869,87.81836035268222,82.3566977107929,8.999134594095805,0.1329953975682584,1.5,0.8032606590273034,0.7699429640088791,False
970,PCM-A,8.0,0.5,0.3,0.5,30,15/15,15,15,0.9135775411206606,0.5,0.3673216903262825,0.5571710040013014,65.96270001729869,87.77748210512958,82.3566977107929,8.993555947799285,0.13797312342214144,1.5,0.8052517493688566,0.7693398931398074,False
971,PCM-A,8.0,0.5,0.3,0.5,30,20/20,20,20,0.9135775411206606,0.5,0.3673216903262825,0.5649364651594617,65.96270001729869,87.74646481574057,82.3566977107929,8.989284944162296,0.14184587096305232,1.5,0.8068008483852209,0.768878696374713,False
972,PCM-A,8.0,0.5,0.3,0.5,30,continuous,20,0,0.9135775411206606,1.0,0.3673216903262825,0.6915565357667467,65.96270001729869,87.27326269259737,82.3566977107929,8.91964390532829,0.21255575207186825,1.5,0.9325848008287473,0.7614185271669655,False
973,PCM-A,8.0,0.5,0.3,0.5,40,10/10,10,10,0.9501385787369497,0.5,0.37193102779808784,0.6020929032666478,66.18072616656085,87.67328922784615,82.604910743653,8.568848903203344,0.1611181618506937,1.5,0.8425097647402775,0.7617931532271919,False
974,PCM-A,8.0,0.5,0.3,0.5,40,15/15,15,15,0.9501385787369497,0.5,0.37193102779808784,0.6126418153978017,66.18072616656085,87.6330609504788,82.604910743653,8.56304700153121,0.16681333065507298,1.5,0.8447878322620291,0.7611701537443144,False
975,PCM-A,8.0,0.5,0.3,0.5,40,20/20,20,20,0.9501385787369497,0.5,0.37193102779808784,0.620718047459068,66.18072616656085,87.6025477811995,82.604910743653,8.558605073897512,0.17124039752951015,1.5,0.846558659011804,0.7606937116280628,False
976,PCM-A,8.0,0.5,0.3,0.5,40,continuous,20,0,0.9501385787369497,1.0,0.37193102779808784,0.7524054067814098,66.18072616656085,87.13826142638689,82.604910743653,8.486177026270225,0.25160617606839947,1.5,0.9762049704273599,0.7529862389729273,False
977,PCM-A,8.0,0.5,0.3,1.0,10,10/10,10,10,0.740372585328781,0.5,0.34548532721720554,0.5310694576248169,64.92368192045227,87.54064576038606,81.17896750277959,9.00791179830635,0.12534878614307432,1.5,0.7705457644572298,0.7626307111395664,False
978,PCM-A,8.0,0.5,0.3,1.0,10,15/15,15,15,0.740372585328781,0.5,0.34548532721720554,0.5386333867767603,64.92368192045227,87.5096313516325,81.17896750277959,9.003751637272783,0.12894485571137912,1.5,0.7719841922845516,0.7621800076691538,False
979,PCM-A,8.0,0.5,0.3,1.0,10,20/20,20,20,0.740372585328781,0.5,0.34548532721720554,0.5444243201324056,64.92368192045227,87.48604481251797,81.17896750277959,9.000566623927178,0.13173237348961425,1.5,0.7730991993958456,0.7618352405441108,False
980,PCM-A,8.0,0.5,0.3,1.0,10,continuous,20,0,0.740372585328781,1.0,0.34548532721720554,0.6388486402648113,64.92368192045227,87.12011417232966,81.17896750277959,8.948633247854355,0.18139003785253252,1.5,0.890462265141013,0.7562479606473804,False
981,PCM-A,8.0,0.5,0.3,1.0,20,10/10,10,10,0.8502080123358642,0.5,0.35933254224290645,0.49642957135480725,65.58374258484837,87.90353578641788,81.92616283713383,9.026963735754856,0.10952991969578561,1.5,0.7762182178783141,0.7699445247301192,False
982,PCM-A,8.0,0.5,0.3,1.0,20,15/15,15,15,0.8502080123358642,0.5,0.35933254224290645,0.5051156211858759,65.58374258484837,87.86668566301333,81.92616283713383,9.02218640834777,0.11339635145155258,1.5,0.7777647905806211,0.7694246868884461,False
983,PCM-A,8.0,0.5,0.3,1.0,20,20/20,20,20,0.8502080123358642,0.5,0.35933254224290645,0.5117656485308056,65.58374258484837,87.83868880406419,81.92616283713383,9.018528893308057,0.11640181289606938,1.5,0.7789669751584278,0.7690270963782465,False
984,PCM-A,8.0,0.5,0.3,1.0,20,continuous,20,0,0.8502080123358642,1.0,0.35933254224290645,0.620197963728278,65.58374258484837,87.40750073553897,81.92616283713383,8.958891119949447,0.17095356187231217,1.5,0.8982876747489248,0.7625907480728633,False
985,PCM-A,8.0,0.5,0.3,1.0,30,10/10,10,10,0.9135775411206606,0.5,0.3673216903262825,0.5033684200241463,65.96270001729869,87.99912833301634,82.3566977107929,9.02314736898672,0.11261322945671348,1.5,0.7974515417826853,0.772547680406069,False
986,PCM-A,8.0,0.5,0.3,1.0,30,15/15,15,15,0.9135775411206606,0.5,0.3673216903262825,0.5127018771682604,65.96270001729869,87.95981812948403,82.3566977107929,9.018013967557458,0.11682809548971466,1.5,0.7991374881958859,0.7719896240771803,False
987,PCM-A,8.0,0.5,0.3,1.0,30,20/20,20,20,0.9135775411206606,0.5,0.3673216903262825,0.5198475586274067,65.96270001729869,87.92996929655587,82.3566977107929,9.014083842754927,0.12010732631594447,1.5,0.8004491805263778,0.7715628314338833,False
988,PCM-A,8.0,0.5,0.3,1.0,30,continuous,20,0,0.9135775411206606,1.0,0.3673216903262825,0.6363617839214801,65.96270001729869,87.47219125857501,82.3566977107929,8.950001018843187,0.17998058668254602,1.5,0.9218984846730185,0.7646569642073945,False
989,PCM-A,8.0,0.5,0.3,1.0,40,10/10,10,10,0.9501385787369497,0.5,0.37193102779808784,0.5540384541148469,66.18072616656085,87.86201129937538,82.604910743653,8.595278850236834,0.1364260482835419,1.5,0.8349766693134169,0.7646412194452642,False
990,PCM-A,8.0,0.5,0.3,1.0,40,15/15,15,15,0.9501385787369497,0.5,0.37193102779808784,0.5637454327854616,66.18072616656085,87.82315511659532,82.604910743653,8.589940011967997,0.1412484057717633,1.5,0.8369056123087053,0.7640645599562919,False
991,PCM-A,8.0,0.5,0.3,1.0,40,20/20,20,20,0.9501385787369497,0.5,0.37193102779808784,0.5711770817918196,66.18072616656085,87.79366075932609,82.604910743653,8.5858526050145,0.14499700389520842,1.5,0.8384050515580834,0.7636235374157603,False
992,PCM-A,8.0,0.5,0.3,1.0,40,continuous,20,0,0.9501385787369497,1.0,0.37193102779808784,0.692354163583639,66.18072616656085,87.342416295206,82.604910743653,8.519205210028998,0.2130463501473779,1.5,0.9631247900589512,0.7564870306958906,False
993,PCM-A,8.0,0.5,0.3,2.0,10,10/10,10,10,0.740372585328781,0.5,0.34548532721720554,0.48868355653040696,64.92368192045227,87.71884892671835,81.17896750277959,9.031224043908276,0.10613849707698107,1.5,0.7722366488307923,0.7651644237731056,False
994,PCM-A,8.0,0.5,0.3,2.0,10,15/15,15,15,0.740372585328781,0.5,0.34548532721720554,0.4956437907262267,64.92368192045227,87.68906521621753,81.17896750277959,9.027395915100575,0.10918345212687272,1.5,0.7734546308507491,0.7647474018779213,False
995,PCM-A,8.0,0.5,0.3,2.0,10,20/20,20,20,0.740372585328781,0.5,0.34548532721720554,0.5009725360856832,64.92368192045227,87.66640254826599,81.17896750277959,9.024465105152874,0.11154376973872047,1.5,0.7743987578954882,0.7644283875553907,False
996,PCM-A,8.0,0.5,0.3,2.0,10,continuous,20,0,0.740372585328781,1.0,0.34548532721720554,0.5878606293901726,64.92368192045227,87.31341629359966,81.17896750277959,8.976676653835407,0.15359116426089325,1.5,0.8887177157043573,0.7592571206204478,False
997,PCM-A,8.0,0.5,0.3,2.0,20,10/10,10,10,0.8502080123358642,0.5,0.35933254224290645,0.4568083609656939,65.58374258484837,88.07574690931543,81.92616283713383,9.048755401468869,0.09274394606585051,1.5,0.7788788284263402,0.7723233338131805,False
998,PCM-A,8.0,0.5,0.3,2.0,20,15/15,15,15,0.8502080123358642,0.5,0.35933254224290645,0.4648011567529555,65.58374258484837,88.04045517922512,81.92616283713383,9.044359363785874,0.09601782903061579,1.5,0.7801883816122462,0.7718424412799842,False
999,PCM-A,8.0,0.5,0.3,2.0,20,20/20,20,20,0.8502080123358642,0.5,0.35933254224290645,0.4709204297920776,65.58374258484837,88.01362588869254,81.92616283713383,9.040993763614358,0.0985626894202467,1.5,0.7812063257680987,0.7714746202574176,False
1000,PCM-A,8.0,0.5,0.3,2.0,20,continuous,20,0,0.8502080123358642,1.0,0.35933254224290645,0.5706985071654556,65.58374258484837,87.59854892441743,81.92616283713383,8.986115821059,0.14475412714705754,1.5,0.897182900858823,0.7655182944592043,False
1001,PCM-A,8.0,0.5,0.3,2.0,30,10/10,10,10,0.9135775411206606,0.5,0.3673216903262825,0.4631934038207745,65.96270001729869,88.17258742707973,82.3566977107929,9.045243627898575,0.09535472415247782,1.5,0.799923139660991,0.7749576065490572,False
1002,PCM-A,8.0,0.5,0.3,2.0,30,15/15,15,15,0.9135775411206606,0.5,0.3673216903262825,0.47178193582242484,65.96270001729869,88.13491782803052,82.3566977107929,9.040519935297667,0.09892364220815758,1.5,0.801350706883263,0.774441335830065,False
1003,PCM-A,8.0,0.5,0.3,2.0,30,20/20,20,20,0.9135775411206606,0.5,0.3673216903262825,0.4783573036564304,65.96270001729869,88.10629590820811,82.3566977107929,9.036903482988963,0.10170031553842239,1.5,0.802461376215369,0.7740464805883528,False
1004,PCM-A,8.0,0.5,0.3,2.0,30,continuous,20,0,0.9135775411206606,1.0,0.3673216903262825,0.5855722548941612,65.96270001729869,87.66520103091523,82.3566977107929,8.977935259808213,0.15239771808970334,1.5,0.9202403372358814,0.7676552569984542,False
1005,PCM-A,8.0,0.5,0.3,2.0,40,10/10,10,10,0.9501385787369497,0.5,0.37193102779808784,0.5098193434477786,66.18072616656085,88.0438681394752,82.604910743653,8.619599361103722,0.1155181168682329,1.5,0.8359884967472931,0.7672770575089765,False
1006,PCM-A,8.0,0.5,0.3,2.0,40,15/15,15,15,0.9501385787369497,0.5,0.37193102779808784,0.5187515853453574,66.18072616656085,88.00648217230085,82.604910743653,8.614686628060054,0.11960142546592072,1.5,0.8376218201863683,0.7667434215513698,False
1007,PCM-A,8.0,0.5,0.3,2.0,40,20/20,20,20,0.9501385787369497,0.5,0.37193102779808784,0.5255900969847865,66.18072616656085,87.9780843810915,82.604910743653,8.610925446658367,0.12277553335487881,1.5,0.8388914633419515,0.766335284351813,False
1008,PCM-A,8.0,0.5,0.3,2.0,40,continuous,20,0,0.9501385787369497,1.0,0.37193102779808784,0.6370957511883792,66.18072616656085,87.54142190348348,82.604910743653,8.549597336846391,0.18039599830323788,1.5,0.9594396493212952,0.7597289224740538,False
1009,PCM-A,8.0,1.0,0.05,0.5,10,10/10,10,10,0.740372585328781,0.5,0.6614430474174015,0.5771316940236936,69.06199970487074,88.72100632515208,82.42046283810512,8.982577568286969,0.14803599655407035,0.9497886452273365,0.6035530150943758,0.8180497778182753,False
1010,PCM-A,8.0,1.0,0.05,0.5,10,15/15,15,15,0.740372585328781,0.5,0.6614430474174015,0.5853516795307876,69.06199970487074,88.68882971732478,82.42046283810512,8.978056576258068,0.15228292832422838,0.9497886452273365,0.605251787802439,0.8175627938541031,False
1011,PCM-A,8.0,1.0,0.05,0.5,10,20/20,20,20,0.740372585328781,0.5,0.6614430474174015,0.5916448886949324,69.06199970487074,88.66437349545598,82.42046283810512,8.974595311217788,0.1555749663639284,0.9497886452273365,0.606568603018319,0.8171902874100169,False
1012,PCM-A,8.0,1.0,0.05,0.5,10,continuous,20,0,0.740372585328781,1.0,0.6614430474174015,0.6942590892531387,69.06199970487074,88.28657038497614,82.42046283810512,8.918157500910775,0.2142203035602656,0.9497886452273365,0.727526737896854,0.811154949870751,False
1013,PCM-A,8.0,1.0,0.05,0.5,20,10/10,10,10,0.8502080123358642,0.5,0.6879539970389618,0.5394873219801364,69.77484419065634,89.10702822125776,83.18349331887622,9.003281972910926,0.12935403136768858,0.8384291780551506,0.5724451995247237,0.8274275989500772,False
1014,PCM-A,8.0,1.0,0.05,0.5,20,15/15,15,15,0.8502080123358642,0.5,0.6879539970389618,0.5489267551491973,69.77484419065634,89.0686840412723,83.18349331887622,8.998090284667942,0.13392025889716747,0.8384291780551506,0.5742716905365153,0.8268658049708753,False
1015,PCM-A,8.0,1.0,0.05,0.5,20,20/20,20,20,0.8502080123358642,0.5,0.6879539970389618,0.556153571701684,69.77484419065634,89.0395714494256,83.18349331887622,8.994115535564074,0.1374696868073512,0.8384291780551506,0.5756914617005886,0.8264361446327305,False
1016,PCM-A,8.0,1.0,0.05,0.5,20,continuous,20,0,0.8502080123358642,1.0,0.6879539970389618,0.6739907488511913,69.77484419065634,88.59339240986915,83.18349331887622,8.929305088131846,0.20189490201643984,0.8384291780551506,0.6989615477842241,0.81948277138485,False
1017,PCM-A,8.0,1.0,0.05,0.5,30,10/10,10,10,0.9135775411206606,0.5,0.7032494843961279,0.5470280107348996,70.18172352368815,89.21063810979074,83.62240476270973,8.999134594095805,0.1329953975682584,0.7773381315157453,0.5743526111123418,0.8310820724134108,False
1018,PCM-A,8.0,1.0,0.05,0.5,30,15/15,15,15,0.9135775411206606,0.5,0.7032494843961279,0.5571710040013014,70.18172352368815,89.1697598622381,83.62240476270973,8.993555947799285,0.13797312342214144,0.7773381315157453,0.576343701453895,0.8304790015443393,False
1019,PCM-A,8.0,1.0,0.05,0.5,30,20/20,20,20,0.9135775411206606,0.5,0.7032494843961279,0.5649364651594617,70.18172352368815,89.13874257284908,83.62240476270973,8.989284944162296,0.14184587096305232,0.7773381315157453,0.5778928004702595,0.8300178047792447,False
1020,PCM-A,8.0,1.0,0.05,0.5,30,continuous,20,0,0.9135775411206606,1.0,0.7032494843961279,0.6915565357667467,70.18172352368815,88.66554044970589,83.62240476270973,8.91964390532829,0.21255575207186825,0.7773381315157453,0.7036767529137857,0.8225576355714972,False
1021,PCM-A,8.0,1.0,0.05,0.5,40,10/10,10,10,0.9501385787369497,0.5,0.7120742129265218,0.6020929032666478,70.41504215294819,89.07061350335397,83.8752055395692,8.568848903203344,0.1611181618506937,0.7431427964275437,0.6026592095970915,0.8235550256691005,False
1022,PCM-A,8.0,1.0,0.05,0.5,40,15/15,15,15,0.9501385787369497,0.5,0.7120742129265218,0.6126418153978017,70.41504215294819,89.0303852259866,83.8752055395692,8.56304700153121,0.16681333065507298,0.7431427964275437,0.6049372771188433,0.8229320261862232,False
1023,PCM-A,8.0,1.0,0.05,0.5,40,20/20,20,20,0.9501385787369497,0.5,0.7120742129265218,0.620718047459068,70.41504215294819,88.99987205670732,83.8752055395692,8.558605073897512,0.17124039752951015,0.7431427964275437,0.606708103868618,0.8224555840699715,False
1024,PCM-A,8.0,1.0,0.05,0.5,40,continuous,20,0,0.9501385787369497,1.0,0.7120742129265218,0.7524054067814098,70.41504215294819,88.5355857018947,83.8752055395692,8.486177026270225,0.25160617606839947,0.7431427964275437,0.7363544152841737,0.8147481114148359,False
1025,PCM-A,8.0,1.0,0.05,1.0,10,10/10,10,10,0.740372585328781,0.5,0.6614430474174015,0.5310694576248169,69.06199970487074,88.90629062924417,82.42046283810512,9.00791179830635,0.12534878614307432,0.9497886452273365,0.5968218809299775,0.8207878411363174,False
1026,PCM-A,8.0,1.0,0.05,1.0,10,15/15,15,15,0.740372585328781,0.5,0.6614430474174015,0.5386333867767603,69.06199970487074,88.87527622049062,82.42046283810512,9.003751637272783,0.12894485571137912,0.9497886452273365,0.5982603087572994,0.8203371376659049,False
1027,PCM-A,8.0,1.0,0.05,1.0,10,20/20,20,20,0.740372585328781,0.5,0.6614430474174015,0.5444243201324056,69.06199970487074,88.85168968137609,82.42046283810512,9.000566623927178,0.13173237348961425,0.9497886452273365,0.5993753158685934,0.8199923705408618,False
1028,PCM-A,8.0,1.0,0.05,1.0,10,continuous,20,0,0.740372585328781,1.0,0.6614430474174015,0.6388486402648113,69.06199970487074,88.48575904118778,82.42046283810512,8.948633247854355,0.18139003785253252,0.9497886452273365,0.7167383816137607,0.8144050906441315,False
1029,PCM-A,8.0,1.0,0.05,1.0,20,10/10,10,10,0.8502080123358642,0.5,0.6879539970389618,0.49642957135480725,69.77484419065634,89.2865993163345,83.18349331887622,9.026963735754856,0.10952991969578561,0.8384291780551506,0.5668593048559625,0.8299987925178949,False
1030,PCM-A,8.0,1.0,0.05,1.0,20,15/15,15,15,0.8502080123358642,0.5,0.6879539970389618,0.5051156211858759,69.77484419065634,89.24974919292995,83.18349331887622,9.02218640834777,0.11339635145155258,0.8384291780551506,0.5684058775582693,0.8294789546762218,False
1031,PCM-A,8.0,1.0,0.05,1.0,20,20/20,20,20,0.8502080123358642,0.5,0.6879539970389618,0.5117656485308056,69.77484419065634,89.22175233398082,83.18349331887622,9.018528893308057,0.11640181289606938,0.8384291780551506,0.569608062136076,0.8290813641660222,False
1032,PCM-A,8.0,1.0,0.05,1.0,20,continuous,20,0,0.8502080123358642,1.0,0.6879539970389618,0.620197963728278,69.77484419065634,88.7905642654556,83.18349331887622,8.958891119949447,0.17095356187231217,0.8384291780551506,0.6889287617265731,0.8226450158606391,False
1033,PCM-A,8.0,1.0,0.05,1.0,30,10/10,10,10,0.9135775411206606,0.5,0.7032494843961279,0.5033684200241463,70.18172352368815,89.39140609012486,83.62240476270973,9.02314736898672,0.11261322945671348,0.7773381315157453,0.5685434938677238,0.8336867888106008,False
1034,PCM-A,8.0,1.0,0.05,1.0,30,15/15,15,15,0.9135775411206606,0.5,0.7032494843961279,0.5127018771682604,70.18172352368815,89.35209588659255,83.62240476270973,9.018013967557458,0.11682809548971466,0.7773381315157453,0.5702294402809244,0.8331287324817122,False
1035,PCM-A,8.0,1.0,0.05,1.0,30,20/20,20,20,0.9135775411206606,0.5,0.7032494843961279,0.5198475586274067,70.18172352368815,89.3222470536644,83.62240476270973,9.014083842754927,0.12010732631594447,0.7773381315157453,0.5715411326114163,0.8327019398384151,False
1036,PCM-A,8.0,1.0,0.05,1.0,30,continuous,20,0,0.9135775411206606,1.0,0.7032494843961279,0.6363617839214801,70.18172352368815,88.86446901568353,83.62240476270973,8.950001018843187,0.17998058668254602,0.7773381315157453,0.6929904367580568,0.8257960726119262,False
1037,PCM-A,8.0,1.0,0.05,1.0,40,10/10,10,10,0.9501385787369497,0.5,0.7120742129265218,0.5540384541148469,70.41504215294819,89.2593355748832,83.8752055395692,8.595278850236834,0.1364260482835419,0.7431427964275437,0.5951261141702308,0.8264030918871729,False
1038,PCM-A,8.0,1.0,0.05,1.0,40,15/15,15,15,0.9501385787369497,0.5,0.7120742129265218,0.5637454327854616,70.41504215294819,89.22047939210313,83.8752055395692,8.589940011967997,0.1412484057717633,0.7431427964275437,0.5970550571655193,0.8258264323982006,False
1039,PCM-A,8.0,1.0,0.05,1.0,40,20/20,20,20,0.9501385787369497,0.5,0.7120742129265218,0.5711770817918196,70.41504215294819,89.1909850348339,83.8752055395692,8.5858526050145,0.14499700389520842,0.7431427964275437,0.5985544964148974,0.825385409857669,False
1040,PCM-A,8.0,1.0,0.05,1.0,40,continuous,20,0,0.9501385787369497,1.0,0.7120742129265218,0.692354163583639,70.41504215294819,88.7397405707138,83.8752055395692,8.519205210028998,0.2130463501473779,0.7431427964275437,0.7232742349157653,0.8182489031377993,False
1041,PCM-A,8.0,1.0,0.05,2.0,10,10/10,10,10,0.740372585328781,0.5,0.6614430474174015,0.48868355653040696,69.06199970487074,89.08449379557646,82.42046283810512,9.031224043908276,0.10613849707698107,0.9497886452273365,0.59851276530354,0.8233215537698567,False
1042,PCM-A,8.0,1.0,0.05,2.0,10,15/15,15,15,0.740372585328781,0.5,0.6614430474174015,0.4956437907262267,69.06199970487074,89.05471008507564,82.42046283810512,9.027395915100575,0.10918345212687272,0.9497886452273365,0.5997307473234967,0.8229045318746725,False
1043,PCM-A,8.0,1.0,0.05,2.0,10,20/20,20,20,0.740372585328781,0.5,0.6614430474174015,0.5009725360856832,69.06199970487074,89.0320474171241,82.42046283810512,9.024465105152874,0.11154376973872047,0.9497886452273365,0.600674874368236,0.8225855175521417,False
1044,PCM-A,8.0,1.0,0.05,2.0,10,continuous,20,0,0.740372585328781,1.0,0.6614430474174015,0.5878606293901726,69.06199970487074,88.67906116245777,82.42046283810512,8.976676653835407,0.15359116426089325,0.9497886452273365,0.714993832177105,0.8174142506171989,False
1045,PCM-A,8.0,1.0,0.05,2.0,20,10/10,10,10,0.8502080123358642,0.5,0.6879539970389618,0.4568083609656939,69.77484419065634,89.45881043923205,83.18349331887622,9.048755401468869,0.09274394606585051,0.8384291780551506,0.5695199154039885,0.8323776016009563,False
1046,PCM-A,8.0,1.0,0.05,2.0,20,15/15,15,15,0.8502080123358642,0.5,0.6879539970389618,0.4648011567529555,69.77484419065634,89.42351870914175,83.18349331887622,9.044359363785874,0.09601782903061579,0.8384291780551506,0.5708294685898945,0.8318967090677599,False
1047,PCM-A,8.0,1.0,0.05,2.0,20,20/20,20,20,0.8502080123358642,0.5,0.6879539970389618,0.4709204297920776,69.77484419065634,89.39668941860917,83.18349331887622,9.040993763614358,0.0985626894202467,0.8384291780551506,0.5718474127457469,0.8315288880451933,False
1048,PCM-A,8.0,1.0,0.05,2.0,20,continuous,20,0,0.8502080123358642,1.0,0.6879539970389618,0.5706985071654556,69.77484419065634,88.98161245433405,83.18349331887622,8.986115821059,0.14475412714705754,0.8384291780551506,0.6878239878364713,0.8255725622469801,False
1049,PCM-A,8.0,1.0,0.05,2.0,30,10/10,10,10,0.9135775411206606,0.5,0.7032494843961279,0.4631934038207745,70.18172352368815,89.56486518418825,83.62240476270973,9.045243627898575,0.09535472415247782,0.7773381315157453,0.5710150917460297,0.8360967149535892,False
1050,PCM-A,8.0,1.0,0.05,2.0,30,15/15,15,15,0.9135775411206606,0.5,0.7032494843961279,0.47178193582242484,70.18172352368815,89.52719558513904,83.62240476270973,9.040519935297667,0.09892364220815758,0.7773381315157453,0.5724426589683016,0.8355804442345967,False
1051,PCM-A,8.0,1.0,0.05,2.0,30,20/20,20,20,0.9135775411206606,0.5,0.7032494843961279,0.4783573036564304,70.18172352368815,89.49857366531663,83.62240476270973,9.036903482988963,0.10170031553842239,0.7773381315157453,0.5735533283004075,0.8351855889928848,False
1052,PCM-A,8.0,1.0,0.05,2.0,30,continuous,20,0,0.9135775411206606,1.0,0.7032494843961279,0.5855722548941612,70.18172352368815,89.05747878802374,83.62240476270973,8.977935259808213,0.15239771808970334,0.7773381315157453,0.6913322893209198,0.828794365402986,False
1053,PCM-A,8.0,1.0,0.05,2.0,40,10/10,10,10,0.9501385787369497,0.5,0.7120742129265218,0.5098193434477786,70.41504215294819,89.441192414983,83.8752055395692,8.619599361103722,0.1155181168682329,0.7431427964275437,0.596137941604107,0.829038929950885,False
1054,PCM-A,8.0,1.0,0.05,2.0,40,15/15,15,15,0.9501385787369497,0.5,0.7120742129265218,0.5187515853453574,70.41504215294819,89.40380644780866,83.8752055395692,8.614686628060054,0.11960142546592072,0.7431427964275437,0.5977712650431823,0.8285052939932784,False
1055,PCM-A,8.0,1.0,0.05,2.0,40,20/20,20,20,0.9501385787369497,0.5,0.7120742129265218,0.5255900969847865,70.41504215294819,89.37540865659932,83.8752055395692,8.610925446658367,0.12277553335487881,0.7431427964275437,0.5990409081987655,0.8280971567937216,False
1056,PCM-A,8.0,1.0,0.05,2.0,40,continuous,20,0,0.9501385787369497,1.0,0.7120742129265218,0.6370957511883792,70.41504215294819,88.9387461789913,83.8752055395692,8.549597336846391,0.18039599830323788,0.7431427964275437,0.7195890941781091,0.8214907949159623,False
1057,PCM-A,8.0,1.0,0.1,0.5,10,10/10,10,10,0.740372585328781,0.5,0.5758196175175236,0.5771316940236936,68.10872139521983,88.40642448296727,82.13447934520985,8.982577568286969,0.14803599655407035,1.3568645598986435,0.7338173077891941,0.8029346492008923,False
1058,PCM-A,8.0,1.0,0.1,0.5,10,15/15,15,15,0.740372585328781,0.5,0.5758196175175236,0.5853516795307876,68.10872139521983,88.37424787513997,82.13447934520985,8.978056576258068,0.15228292832422838,1.3568645598986435,0.7355160804972574,0.8024476652367202,False
1059,PCM-A,8.0,1.0,0.1,0.5,10,20/20,20,20,0.740372585328781,0.5,0.5758196175175236,0.5916448886949324,68.10872139521983,88.34979165327117,82.13447934520985,8.974595311217788,0.1555749663639284,1.3568645598986435,0.7368328957131374,0.8020751587926339,False
1060,PCM-A,8.0,1.0,0.1,0.5,10,continuous,20,0,0.740372585328781,1.0,0.5758196175175236,0.6942590892531387,68.10872139521983,87.97198854279134,82.13447934520985,8.918157500910775,0.2142203035602656,1.3568645598986435,0.8577910305916723,0.7960398212533679,False
1061,PCM-A,8.0,1.0,0.1,0.5,20,10/10,10,10,0.8502080123358642,0.5,0.5988987396440882,0.5394873219801364,68.8159533937254,88.79059425827056,82.89582607979693,9.003281972910926,0.12935403136768858,1.2400122129890536,0.7009517707035726,0.8118316976707994,False
1062,PCM-A,8.0,1.0,0.1,0.5,20,15/15,15,15,0.8502080123358642,0.5,0.5988987396440882,0.5489267551491973,68.8159533937254,88.7522500782851,82.89582607979693,8.998090284667942,0.13392025889716747,1.2400122129890536,0.7027782617153642,0.8112699036915971,False
1063,PCM-A,8.0,1.0,0.1,0.5,20,20/20,20,20,0.8502080123358642,0.5,0.5988987396440882,0.556153571701684,68.8159533937254,88.72313748643839,82.89582607979693,8.994115535564074,0.1374696868073512,1.2400122129890536,0.7041980328794377,0.8108402433534523,False
1064,PCM-A,8.0,1.0,0.1,0.5,20,continuous,20,0,0.8502080123358642,1.0,0.5988987396440882,0.6739907488511913,68.8159533937254,88.27695844688195,82.89582607979693,8.929305088131846,0.20189490201643984,1.2400122129890536,0.827468118963073,0.8038868701055721,False
1065,PCM-A,8.0,1.0,0.1,0.5,30,10/10,10,10,0.9135775411206606,0.5,0.6122142347787578,0.5470280107348996,69.22023599175962,88.89334722425433,83.33395850313119,8.999134594095805,0.1329953975682584,1.1749874209998663,0.7016003837472606,0.8152112500607593,False
1066,PCM-A,8.0,1.0,0.1,0.5,30,15/15,15,15,0.9135775411206606,0.5,0.6122142347787578,0.5571710040013014,69.22023599175962,88.85246897670169,83.33395850313119,8.993555947799285,0.13797312342214144,1.1749874209998663,0.7035914740888138,0.8146081791916879,False
1067,PCM-A,8.0,1.0,0.1,0.5,30,20/20,20,20,0.9135775411206606,0.5,0.6122142347787578,0.5649364651594617,69.22023599175962,88.82145168731267,83.33395850313119,8.989284944162296,0.14184587096305232,1.1749874209998663,0.7051405731051781,0.8141469824265933,False
1068,PCM-A,8.0,1.0,0.1,0.5,30,continuous,20,0,0.9135775411206606,1.0,0.6122142347787578,0.6915565357667467,69.22023599175962,88.34824956416948,83.33395850313119,8.91964390532829,0.21255575207186825,1.1749874209998663,0.8309245255487046,0.8066868132188459,False
1069,PCM-A,8.0,1.0,0.1,0.5,40,10/10,10,10,0.9501385787369497,0.5,0.6198966071718277,0.6020929032666478,69.45226149419315,88.75289588596482,83.58637134194268,8.568848903203344,0.1611181618506937,1.1382679891610983,0.7290992712718289,0.8075263743434064,False
1070,PCM-A,8.0,1.0,0.1,0.5,40,15/15,15,15,0.9501385787369497,0.5,0.6198966071718277,0.6126418153978017,69.45226149419315,88.71266760859746,83.58637134194268,8.56304700153121,0.16681333065507298,1.1382679891610983,0.7313773387935807,0.806903374860529,False
1071,PCM-A,8.0,1.0,0.1,0.5,40,20/20,20,20,0.9501385787369497,0.5,0.6198966071718277,0.620718047459068,69.45226149419315,88.68215443931817,83.58637134194268,8.558605073897512,0.17124039752951015,1.1382679891610983,0.7331481655433556,0.8064269327442772,False
1072,PCM-A,8.0,1.0,0.1,0.5,40,continuous,20,0,0.9501385787369497,1.0,0.6198966071718277,0.7524054067814098,69.45226149419315,88.21786808450555,83.58637134194268,8.486177026270225,0.25160617606839947,1.1382679891610983,0.8627944769589113,0.7987194600891417,False
1073,PCM-A,8.0,1.0,0.1,1.0,10,10/10,10,10,0.740372585328781,0.5,0.5758196175175236,0.5310694576248169,68.10872139521983,88.59170878705936,82.13447934520985,9.00791179830635,0.12534878614307432,1.3568645598986435,0.7270861736247958,0.8056727125189344,False
1074,PCM-A,8.0,1.0,0.1,1.0,10,15/15,15,15,0.740372585328781,0.5,0.5758196175175236,0.5386333867767603,68.10872139521983,88.56069437830581,82.13447934520985,9.003751637272783,0.12894485571137912,1.3568645598986435,0.7285246014521176,0.805222009048522,False
1075,PCM-A,8.0,1.0,0.1,1.0,10,20/20,20,20,0.740372585328781,0.5,0.5758196175175236,0.5444243201324056,68.10872139521983,88.53710783919128,82.13447934520985,9.000566623927178,0.13173237348961425,1.3568645598986435,0.7296396085634117,0.804877241923479,False
1076,PCM-A,8.0,1.0,0.1,1.0,10,continuous,20,0,0.740372585328781,1.0,0.5758196175175236,0.6388486402648113,68.10872139521983,88.17117719900297,82.13447934520985,8.948633247854355,0.18139003785253252,1.3568645598986435,0.847002674308579,0.7992899620267486,False
1077,PCM-A,8.0,1.0,0.1,1.0,20,10/10,10,10,0.8502080123358642,0.5,0.5988987396440882,0.49642957135480725,68.8159533937254,88.97016535334731,82.89582607979693,9.026963735754856,0.10952991969578561,1.2400122129890536,0.6953658760348115,0.8144028912386169,False
1078,PCM-A,8.0,1.0,0.1,1.0,20,15/15,15,15,0.8502080123358642,0.5,0.5988987396440882,0.5051156211858759,68.8159533937254,88.93331522994275,82.89582607979693,9.02218640834777,0.11339635145155258,1.2400122129890536,0.6969124487371183,0.8138830533969437,False
1079,PCM-A,8.0,1.0,0.1,1.0,20,20/20,20,20,0.8502080123358642,0.5,0.5988987396440882,0.5117656485308056,68.8159533937254,88.90531837099361,82.89582607979693,9.018528893308057,0.11640181289606938,1.2400122129890536,0.698114633314925,0.8134854628867441,False
1080,PCM-A,8.0,1.0,0.1,1.0,20,continuous,20,0,0.8502080123358642,1.0,0.5988987396440882,0.620197963728278,68.8159533937254,88.4741303024684,82.89582607979693,8.958891119949447,0.17095356187231217,1.2400122129890536,0.8174353329054221,0.807049114581361,False
1081,PCM-A,8.0,1.0,0.1,1.0,30,10/10,10,10,0.9135775411206606,0.5,0.6122142347787578,0.5033684200241463,69.22023599175962,89.07411520458845,83.33395850313119,9.02314736898672,0.11261322945671348,1.1749874209998663,0.6957912665026427,0.8178159664579494,False
1082,PCM-A,8.0,1.0,0.1,1.0,30,15/15,15,15,0.9135775411206606,0.5,0.6122142347787578,0.5127018771682604,69.22023599175962,89.03480500105614,83.33395850313119,9.018013967557458,0.11682809548971466,1.1749874209998663,0.6974772129158431,0.8172579101290606,False
1083,PCM-A,8.0,1.0,0.1,1.0,30,20/20,20,20,0.9135775411206606,0.5,0.6122142347787578,0.5198475586274067,69.22023599175962,89.00495616812799,83.33395850313119,9.014083842754927,0.12010732631594447,1.1749874209998663,0.6987889052463351,0.8168311174857638,False
1084,PCM-A,8.0,1.0,0.1,1.0,30,continuous,20,0,0.9135775411206606,1.0,0.6122142347787578,0.6363617839214801,69.22023599175962,88.54717813014712,83.33395850313119,8.950001018843187,0.17998058668254602,1.1749874209998663,0.8202382093929756,0.8099252502592748,False
1085,PCM-A,8.0,1.0,0.1,1.0,40,10/10,10,10,0.9501385787369497,0.5,0.6198966071718277,0.5540384541148469,69.45226149419315,88.94161795749405,83.58637134194268,8.595278850236834,0.1364260482835419,1.1382679891610983,0.7215661758449683,0.8103744405614788,False
1086,PCM-A,8.0,1.0,0.1,1.0,40,15/15,15,15,0.9501385787369497,0.5,0.6198966071718277,0.5637454327854616,69.45226149419315,88.90276177471398,83.58637134194268,8.589940011967997,0.1412484057717633,1.1382679891610983,0.7234951188402569,0.8097977810725063,False
1087,PCM-A,8.0,1.0,0.1,1.0,40,20/20,20,20,0.9501385787369497,0.5,0.6198966071718277,0.5711770817918196,69.45226149419315,88.87326741744475,83.58637134194268,8.5858526050145,0.14499700389520842,1.1382679891610983,0.7249945580896349,0.8093567585319748,False
1088,PCM-A,8.0,1.0,0.1,1.0,40,continuous,20,0,0.9501385787369497,1.0,0.6198966071718277,0.692354163583639,69.45226149419315,88.42202295332466,83.58637134194268,8.519205210028998,0.2130463501473779,1.1382679891610983,0.8497142965905027,0.8022202518121051,False
1089,PCM-A,8.0,1.0,0.1,2.0,10,10/10,10,10,0.740372585328781,0.5,0.5758196175175236,0.48868355653040696,68.10872139521983,88.76991195339166,82.13447934520985,9.031224043908276,0.10613849707698107,1.3568645598986435,0.7287770579983583,0.8082064251524738,False
1090,PCM-A,8.0,1.0,0.1,2.0,10,15/15,15,15,0.740372585328781,0.5,0.5758196175175236,0.4956437907262267,68.10872139521983,88.74012824289083,82.13447934520985,9.027395915100575,0.10918345212687272,1.3568645598986435,0.7299950400183151,0.8077894032572895,False
1091,PCM-A,8.0,1.0,0.1,2.0,10,20/20,20,20,0.740372585328781,0.5,0.5758196175175236,0.5009725360856832,68.10872139521983,88.7174655749393,82.13447934520985,9.024465105152874,0.11154376973872047,1.3568645598986435,0.7309391670630541,0.8074703889347589,False
1092,PCM-A,8.0,1.0,0.1,2.0,10,continuous,20,0,0.740372585328781,1.0,0.5758196175175236,0.5878606293901726,68.10872139521983,88.36447932027296,82.13447934520985,8.976676653835407,0.15359116426089325,1.3568645598986435,0.8452581248719233,0.802299121999816,False
1093,PCM-A,8.0,1.0,0.1,2.0,20,10/10,10,10,0.8502080123358642,0.5,0.5988987396440882,0.4568083609656939,68.8159533937254,89.14237647624485,82.89582607979693,9.048755401468869,0.09274394606585051,1.2400122129890536,0.6980264865828374,0.8167817003216783,False
1094,PCM-A,8.0,1.0,0.1,2.0,20,15/15,15,15,0.8502080123358642,0.5,0.5988987396440882,0.4648011567529555,68.8159533937254,89.10708474615454,82.89582607979693,9.044359363785874,0.09601782903061579,1.2400122129890536,0.6993360397687436,0.8163008077884819,False
1095,PCM-A,8.0,1.0,0.1,2.0,20,20/20,20,20,0.8502080123358642,0.5,0.5988987396440882,0.4709204297920776,68.8159533937254,89.08025545562197,82.89582607979693,9.040993763614358,0.0985626894202467,1.2400122129890536,0.7003539839245958,0.8159329867659153,False
1096,PCM-A,8.0,1.0,0.1,2.0,20,continuous,20,0,0.8502080123358642,1.0,0.5988987396440882,0.5706985071654556,68.8159533937254,88.66517849134685,82.89582607979693,8.986115821059,0.14475412714705754,1.2400122129890536,0.8163305590153203,0.8099766609677022,False
1097,PCM-A,8.0,1.0,0.1,2.0,30,10/10,10,10,0.9135775411206606,0.5,0.6122142347787578,0.4631934038207745,69.22023599175962,89.24757429865184,83.33395850313119,9.045243627898575,0.09535472415247782,1.1749874209998663,0.6982628643809483,0.8202258926009377,False
1098,PCM-A,8.0,1.0,0.1,2.0,30,15/15,15,15,0.9135775411206606,0.5,0.6122142347787578,0.47178193582242484,69.22023599175962,89.20990469960263,83.33395850313119,9.040519935297667,0.09892364220815758,1.1749874209998663,0.6996904316032202,0.8197096218819453,False
1099,PCM-A,8.0,1.0,0.1,2.0,30,20/20,20,20,0.9135775411206606,0.5,0.6122142347787578,0.4783573036564304,69.22023599175962,89.18128277978022,83.33395850313119,9.036903482988963,0.10170031553842239,1.1749874209998663,0.7008011009353261,0.8193147666402334,False
1100,PCM-A,8.0,1.0,0.1,2.0,30,continuous,20,0,0.9135775411206606,1.0,0.6122142347787578,0.5855722548941612,69.22023599175962,88.74018790248734,83.33395850313119,8.977935259808213,0.15239771808970334,1.1749874209998663,0.8185800619558385,0.8129235430503345,False
1101,PCM-A,8.0,1.0,0.1,2.0,40,10/10,10,10,0.9501385787369497,0.5,0.6198966071718277,0.5098193434477786,69.45226149419315,89.12347479759386,83.58637134194268,8.619599361103722,0.1155181168682329,1.1382679891610983,0.7225780032788447,0.8130102786251908,False
1102,PCM-A,8.0,1.0,0.1,2.0,40,15/15,15,15,0.9501385787369497,0.5,0.6198966071718277,0.5187515853453574,69.45226149419315,89.08608883041951,83.58637134194268,8.614686628060054,0.11960142546592072,1.1382679891610983,0.7242113267179198,0.8124766426675841,False
1103,PCM-A,8.0,1.0,0.1,2.0,40,20/20,20,20,0.9501385787369497,0.5,0.6198966071718277,0.5255900969847865,69.45226149419315,89.05769103921017,83.58637134194268,8.610925446658367,0.12277553335487881,1.1382679891610983,0.725480969873503,0.8120685054680276,False
1104,PCM-A,8.0,1.0,0.1,2.0,40,continuous,20,0,0.9501385787369497,1.0,0.6198966071718277,0.6370957511883792,69.45226149419315,88.62102856160215,83.58637134194268,8.549597336846391,0.18039599830323788,1.1382679891610983,0.8460291558528465,0.8054621435902682,False
1105,PCM-A,8.0,1.0,0.3,0.5,10,10/10,10,10,0.740372585328781,0.5,0.46223433905819566,0.5771316940236936,66.66151466827426,87.92884626307523,81.70031732712619,8.982577568286969,0.14803599655407035,1.5,0.7796206486216282,0.7821828098688991,False
1106,PCM-A,8.0,1.0,0.3,0.5,10,15/15,15,15,0.740372585328781,0.5,0.46223433905819566,0.5853516795307876,66.66151466827426,87.89666965524793,81.70031732712619,8.978056576258068,0.15228292832422838,1.5,0.7813194213296912,0.781695825904727,False
1107,PCM-A,8.0,1.0,0.3,0.5,10,20/20,20,20,0.740372585328781,0.5,0.46223433905819566,0.5916448886949324,66.66151466827426,87.87221343337913,81.70031732712619,8.974595311217788,0.1555749663639284,1.5,0.7826362365455712,0.7813233194606409,False
1108,PCM-A,8.0,1.0,0.3,0.5,10,continuous,20,0,0.740372585328781,1.0,0.46223433905819566,0.6942590892531387,66.66151466827426,87.4944103228993,81.70031732712619,8.918157500910775,0.2142203035602656,1.5,0.9035943714241064,0.7752879819213748,False
1109,PCM-A,8.0,1.0,0.3,0.5,20,10/10,10,10,0.8502080123358642,0.5,0.48076090959812917,0.5394873219801364,67.3523087971265,88.30759154139292,82.45673270081727,9.003281972910926,0.12935403136768858,1.5,0.7841478625470755,0.7904075819197116,False
1110,PCM-A,8.0,1.0,0.3,0.5,20,15/15,15,15,0.8502080123358642,0.5,0.48076090959812917,0.5489267551491973,67.3523087971265,88.26924736140747,82.45673270081727,8.998090284667942,0.13392025889716747,1.5,0.785974353558867,0.7898457879405095,False
1111,PCM-A,8.0,1.0,0.3,0.5,20,20/20,20,20,0.8502080123358642,0.5,0.48076090959812917,0.556153571701684,67.3523087971265,88.24013476956075,82.45673270081727,8.994115535564074,0.1374696868073512,1.5,0.7873941247229403,0.7894161276023648,False
1112,PCM-A,8.0,1.0,0.3,0.5,20,continuous,20,0,0.8502080123358642,1.0,0.48076090959812917,0.6739907488511913,67.3523087971265,87.79395573000431,82.45673270081727,8.929305088131846,0.20189490201643984,1.5,0.9106642108065759,0.7824627543544845,False
1113,PCM-A,8.0,1.0,0.3,0.5,30,10/10,10,10,0.9135775411206606,0.5,0.49144981095814466,0.5470280107348996,67.74802693880633,88.40751823677974,82.8922957872452,8.999134594095805,0.1329953975682584,1.5,0.8056044090273033,0.7934027916260147,False
1114,PCM-A,8.0,1.0,0.3,0.5,30,15/15,15,15,0.9135775411206606,0.5,0.49144981095814466,0.5571710040013014,67.74802693880633,88.3666399892271,82.8922957872452,8.993555947799285,0.13797312342214144,1.5,0.8075954993688566,0.7927997207569432,False
1115,PCM-A,8.0,1.0,0.3,0.5,30,20/20,20,20,0.9135775411206606,0.5,0.49144981095814466,0.5649364651594617,67.74802693880633,88.33562269983808,82.8922957872452,8.989284944162296,0.14184587096305232,1.5,0.809144598385221,0.7923385239918485,False
1116,PCM-A,8.0,1.0,0.3,0.5,30,continuous,20,0,0.9135775411206606,1.0,0.49144981095814466,0.6915565357667467,67.74802693880633,87.86242057669489,82.8922957872452,8.91964390532829,0.21255575207186825,1.5,0.9349285508287473,0.7848783547841012,False
1117,PCM-A,8.0,1.0,0.3,0.5,40,10/10,10,10,0.9501385787369497,0.5,0.4976167705709812,0.6020929032666478,67.97540755216271,88.26553408509477,83.14331515933355,8.568848903203344,0.1611181618506937,1.5,0.8448535147402776,0.7854973064732511,False
1118,PCM-A,8.0,1.0,0.3,0.5,40,15/15,15,15,0.9501385787369497,0.5,0.4976167705709812,0.6126418153978017,67.97540755216271,88.22530580772741,83.14331515933355,8.56304700153121,0.16681333065507298,1.5,0.8471315822620291,0.7848743069903736,False
1119,PCM-A,8.0,1.0,0.3,0.5,40,20/20,20,20,0.9501385787369497,0.5,0.4976167705709812,0.620718047459068,67.97540755216271,88.19479263844812,83.14331515933355,8.558605073897512,0.17124039752951015,1.5,0.848902409011804,0.7843978648741221,False
1120,PCM-A,8.0,1.0,0.3,0.5,40,continuous,20,0,0.9501385787369497,1.0,0.4976167705709812,0.7524054067814098,67.97540755216271,87.7305062836355,83.14331515933355,8.486177026270225,0.25160617606839947,1.5,0.97854872042736,0.7766903922189864,False
1121,PCM-A,8.0,1.0,0.3,1.0,10,10/10,10,10,0.740372585328781,0.5,0.46223433905819566,0.5310694576248169,66.66151466827426,88.11413056716732,81.70031732712619,9.00791179830635,0.12534878614307432,1.5,0.7728895144572298,0.7849208731869414,False
1122,PCM-A,8.0,1.0,0.3,1.0,10,15/15,15,15,0.740372585328781,0.5,0.46223433905819566,0.5386333867767603,66.66151466827426,88.08311615841377,81.70031732712619,9.003751637272783,0.12894485571137912,1.5,0.7743279422845517,0.7844701697165287,False
1123,PCM-A,8.0,1.0,0.3,1.0,10,20/20,20,20,0.740372585328781,0.5,0.46223433905819566,0.5444243201324056,66.66151466827426,88.05952961929924,81.70031732712619,9.000566623927178,0.13173237348961425,1.5,0.7754429493958457,0.7841254025914857,False
1124,PCM-A,8.0,1.0,0.3,1.0,10,continuous,20,0,0.740372585328781,1.0,0.46223433905819566,0.6388486402648113,66.66151466827426,87.69359897911093,81.70031732712619,8.948633247854355,0.18139003785253252,1.5,0.892806015141013,0.7785381226947554,False
1125,PCM-A,8.0,1.0,0.3,1.0,20,10/10,10,10,0.8502080123358642,0.5,0.48076090959812917,0.49642957135480725,67.3523087971265,88.48716263646966,82.45673270081727,9.026963735754856,0.10952991969578561,1.5,0.7785619678783142,0.7929787754875293,False
1126,PCM-A,8.0,1.0,0.3,1.0,20,15/15,15,15,0.8502080123358642,0.5,0.48076090959812917,0.5051156211858759,67.3523087971265,88.45031251306511,82.45673270081727,9.02218640834777,0.11339635145155258,1.5,0.7801085405806211,0.7924589376458561,False
1127,PCM-A,8.0,1.0,0.3,1.0,20,20/20,20,20,0.8502080123358642,0.5,0.48076090959812917,0.5117656485308056,67.3523087971265,88.42231565411598,82.45673270081727,9.018528893308057,0.11640181289606938,1.5,0.7813107251584278,0.7920613471356565,False
1128,PCM-A,8.0,1.0,0.3,1.0,20,continuous,20,0,0.8502080123358642,1.0,0.48076090959812917,0.620197963728278,67.3523087971265,87.99112758559076,82.45673270081727,8.958891119949447,0.17095356187231217,1.5,0.9006314247489249,0.7856249988302734,False
1129,PCM-A,8.0,1.0,0.3,1.0,30,10/10,10,10,0.9135775411206606,0.5,0.49144981095814466,0.5033684200241463,67.74802693880633,88.58828621711386,82.8922957872452,9.02314736898672,0.11261322945671348,1.5,0.7997952917826854,0.7960075080232047,False
1130,PCM-A,8.0,1.0,0.3,1.0,30,15/15,15,15,0.9135775411206606,0.5,0.49144981095814466,0.5127018771682604,67.74802693880633,88.54897601358155,82.8922957872452,9.018013967557458,0.11682809548971466,1.5,0.8014812381958859,0.7954494516943158,False
1131,PCM-A,8.0,1.0,0.3,1.0,30,20/20,20,20,0.9135775411206606,0.5,0.49144981095814466,0.5198475586274067,67.74802693880633,88.51912718065338,82.8922957872452,9.014083842754927,0.12010732631594447,1.5,0.8027929305263778,0.7950226590510189,False
1132,PCM-A,8.0,1.0,0.3,1.0,30,continuous,20,0,0.9135775411206606,1.0,0.49144981095814466,0.6363617839214801,67.74802693880633,88.06134914267253,82.8922957872452,8.950001018843187,0.17998058668254602,1.5,0.9242422346730185,0.78811679182453,False
1133,PCM-A,8.0,1.0,0.3,1.0,40,10/10,10,10,0.9501385787369497,0.5,0.4976167705709812,0.5540384541148469,67.97540755216271,88.454256156624,83.14331515933355,8.595278850236834,0.1364260482835419,1.5,0.8373204193134168,0.7883453726913234,False
1134,PCM-A,8.0,1.0,0.3,1.0,40,15/15,15,15,0.9501385787369497,0.5,0.4976167705709812,0.5637454327854616,67.97540755216271,88.41539997384393,83.14331515933355,8.589940011967997,0.1412484057717633,1.5,0.8392493623087054,0.7877687132023511,False
1135,PCM-A,8.0,1.0,0.3,1.0,40,20/20,20,20,0.9501385787369497,0.5,0.4976167705709812,0.5711770817918196,67.97540755216271,88.3859056165747,83.14331515933355,8.5858526050145,0.14499700389520842,1.5,0.8407488015580834,0.7873276906618196,False
1136,PCM-A,8.0,1.0,0.3,1.0,40,continuous,20,0,0.9501385787369497,1.0,0.4976167705709812,0.692354163583639,67.97540755216271,87.93466115245461,83.14331515933355,8.519205210028998,0.2130463501473779,1.5,0.9654685400589512,0.7801911839419499,False
1137,PCM-A,8.0,1.0,0.3,2.0,10,10/10,10,10,0.740372585328781,0.5,0.46223433905819566,0.48868355653040696,66.66151466827426,88.29233373349962,81.70031732712619,9.031224043908276,0.10613849707698107,1.5,0.7745803988307924,0.7874545858204806,False
1138,PCM-A,8.0,1.0,0.3,2.0,10,15/15,15,15,0.740372585328781,0.5,0.46223433905819566,0.4956437907262267,66.66151466827426,88.2625500229988,81.70031732712619,9.027395915100575,0.10918345212687272,1.5,0.7757983808507491,0.7870375639252963,False
1139,PCM-A,8.0,1.0,0.3,2.0,10,20/20,20,20,0.740372585328781,0.5,0.46223433905819566,0.5009725360856832,66.66151466827426,88.23988735504726,81.70031732712619,9.024465105152874,0.11154376973872047,1.5,0.7767425078954882,0.7867185496027655,False
1140,PCM-A,8.0,1.0,0.3,2.0,10,continuous,20,0,0.740372585328781,1.0,0.46223433905819566,0.5878606293901726,66.66151466827426,87.88690110038092,81.70031732712619,8.976676653835407,0.15359116426089325,1.5,0.8910614657043574,0.7815472826678227,False
1141,PCM-A,8.0,1.0,0.3,2.0,20,10/10,10,10,0.8502080123358642,0.5,0.48076090959812917,0.4568083609656939,67.3523087971265,88.65937375936721,82.45673270081727,9.048755401468869,0.09274394606585051,1.5,0.7812225784263402,0.7953575845705907,False
1142,PCM-A,8.0,1.0,0.3,2.0,20,15/15,15,15,0.8502080123358642,0.5,0.48076090959812917,0.4648011567529555,67.3523087971265,88.6240820292769,82.45673270081727,9.044359363785874,0.09601782903061579,1.5,0.7825321316122462,0.7948766920373944,False
1143,PCM-A,8.0,1.0,0.3,2.0,20,20/20,20,20,0.8502080123358642,0.5,0.48076090959812917,0.4709204297920776,67.3523087971265,88.59725273874433,82.45673270081727,9.040993763614358,0.0985626894202467,1.5,0.7835500757680987,0.7945088710148277,False
1144,PCM-A,8.0,1.0,0.3,2.0,20,continuous,20,0,0.8502080123358642,1.0,0.48076090959812917,0.5706985071654556,67.3523087971265,88.18217577446921,82.45673270081727,8.986115821059,0.14475412714705754,1.5,0.8995266508588231,0.7885525452166144,False
1145,PCM-A,8.0,1.0,0.3,2.0,30,10/10,10,10,0.9135775411206606,0.5,0.49144981095814466,0.4631934038207745,67.74802693880633,88.76174531117725,82.8922957872452,9.045243627898575,0.09535472415247782,1.5,0.802266889660991,0.7984174341661929,False
1146,PCM-A,8.0,1.0,0.3,2.0,30,15/15,15,15,0.9135775411206606,0.5,0.49144981095814466,0.47178193582242484,67.74802693880633,88.72407571212804,82.8922957872452,9.040519935297667,0.09892364220815758,1.5,0.8036944568832631,0.7979011634472005,False
1147,PCM-A,8.0,1.0,0.3,2.0,30,20/20,20,20,0.9135775411206606,0.5,0.49144981095814466,0.4783573036564304,67.74802693880633,88.69545379230563,82.8922957872452,9.036903482988963,0.10170031553842239,1.5,0.804805126215369,0.7975063082054885,False
1148,PCM-A,8.0,1.0,0.3,2.0,30,continuous,20,0,0.9135775411206606,1.0,0.49144981095814466,0.5855722548941612,67.74802693880633,88.25435891501274,82.8922957872452,8.977935259808213,0.15239771808970334,1.5,0.9225840872358815,0.7911150846155898,False
1149,PCM-A,8.0,1.0,0.3,2.0,40,10/10,10,10,0.9501385787369497,0.5,0.4976167705709812,0.5098193434477786,67.97540755216271,88.63611299672381,83.14331515933355,8.619599361103722,0.1155181168682329,1.5,0.8383322467472931,0.7909812107550357,False
1150,PCM-A,8.0,1.0,0.3,2.0,40,15/15,15,15,0.9501385787369497,0.5,0.4976167705709812,0.5187515853453574,67.97540755216271,88.59872702954947,83.14331515933355,8.614686628060054,0.11960142546592072,1.5,0.8399655701863684,0.7904475747974289,False
1151,PCM-A,8.0,1.0,0.3,2.0,40,20/20,20,20,0.9501385787369497,0.5,0.4976167705709812,0.5255900969847865,67.97540755216271,88.57032923834012,83.14331515933355,8.610925446658367,0.12277553335487881,1.5,0.8412352133419516,0.7900394375978723,False
1152,PCM-A,8.0,1.0,0.3,2.0,40,continuous,20,0,0.9501385787369497,1.0,0.4976167705709812,0.6370957511883792,67.97540755216271,88.1336667607321,83.14331515933355,8.549597336846391,0.18039599830323788,1.5,0.9617833993212952,0.7834330757201131,False
1153,PCM-A,8.0,2.0,0.05,0.5,10,10/10,10,10,0.740372585328781,0.5,0.8849628790614383,0.5771316940236936,71.08838888884097,89.38971475586224,83.0283795932962,8.982577568286969,0.14803599655407035,0.22835043645207717,0.38206778828629284,0.8557348347545698,True
1154,PCM-A,8.0,2.0,0.05,0.5,10,15/15,15,15,0.740372585328781,0.5,0.8849628790614383,0.5853516795307876,71.08838888884097,89.35753814803495,83.0283795932962,8.978056576258068,0.15228292832422838,0.22835043645207717,0.383766560994356,0.8552478507903977,True
1155,PCM-A,8.0,2.0,0.05,0.5,10,20/20,20,20,0.740372585328781,0.5,0.8849628790614383,0.5916448886949324,71.08838888884097,89.33308192616614,83.0283795932962,8.974595311217788,0.1555749663639284,0.22835043645207717,0.38508337621023603,0.8548753443463114,True
1156,PCM-A,8.0,2.0,0.05,0.5,10,continuous,20,0,0.740372585328781,1.0,0.8849628790614383,0.6942590892531387,71.08838888884097,88.95527881568631,83.0283795932962,8.918157500910775,0.2142203035602656,0.22835043645207717,0.5060415110887709,0.8488400068070453,True
1157,PCM-A,8.0,2.0,0.05,0.5,20,10/10,10,10,0.8502080123358642,0.5,0.9204326090636703,0.5394873219801364,71.79672129758153,89.77424766654308,83.79005645095377,9.003281972910926,0.12935403136768858,0.1592318414206454,0.364477051801682,0.866294193455846,True
1158,PCM-A,8.0,2.0,0.05,0.5,20,15/15,15,15,0.8502080123358642,0.5,0.9204326090636703,0.5489267551491973,71.79672129758153,89.73590348655762,83.79005645095377,8.998090284667942,0.13392025889716747,0.1592318414206454,0.36630354281347355,0.8657323994766439,True
1159,PCM-A,8.0,2.0,0.05,0.5,20,20/20,20,20,0.8502080123358642,0.5,0.9204326090636703,0.556153571701684,71.79672129758153,89.7067908947109,83.79005645095377,8.994115535564074,0.1374696868073512,0.1592318414206454,0.367723313977547,0.8653027391384992,True
1160,PCM-A,8.0,2.0,0.05,0.5,20,continuous,20,0,0.8502080123358642,1.0,0.9204326090636703,0.6739907488511913,71.79672129758153,89.26061185515447,83.79005645095377,8.929305088131846,0.20189490201643984,0.1592318414206454,0.49099340006118253,0.8583493658906189,True
1161,PCM-A,8.0,2.0,0.05,0.5,30,10/10,10,10,0.9135775411206606,0.5,0.9408968630627054,0.5470280107348996,72.19963383296543,89.87654851185223,84.22777785549293,8.999134594095805,0.1329953975682584,0.125006460164383,0.37498147627990597,0.8706251236509405,True
1162,PCM-A,8.0,2.0,0.05,0.5,30,15/15,15,15,0.9135775411206606,0.5,0.9408968630627054,0.5571710040013014,72.19963383296543,89.8356702642996,84.22777785549293,8.993555947799285,0.13797312342214144,0.125006460164383,0.37697256662145917,0.8700220527818691,True
1163,PCM-A,8.0,2.0,0.05,0.5,30,20/20,20,20,0.9135775411206606,0.5,0.9408968630627054,0.5649364651594617,72.19963383296543,89.80465297491058,84.22777785549293,8.989284944162296,0.14184587096305232,0.125006460164383,0.3785216656378235,0.8695608560167745,True
1164,PCM-A,8.0,2.0,0.05,0.5,30,continuous,20,0,0.9135775411206606,1.0,0.9408968630627054,0.6915565357667467,72.19963383296543,89.33145085176739,84.22777785549293,8.91964390532829,0.21255575207186825,0.125006460164383,0.5043056180813499,0.8621006868090271,True
1165,PCM-A,8.0,2.0,0.05,0.5,40,10/10,10,10,0.9501385787369497,0.5,0.9527037105270266,0.6020929032666478,72.43023461511913,89.73562701587039,84.47976327822047,8.568848903203344,0.1611181618506937,0.1071417130494123,0.40851386291608943,0.8634867118916952,True
1166,PCM-A,8.0,2.0,0.05,0.5,40,15/15,15,15,0.9501385787369497,0.5,0.9527037105270266,0.6126418153978017,72.43023461511913,89.69539873850303,84.47976327822047,8.56304700153121,0.16681333065507298,0.1071417130494123,0.4107919304378411,0.8628637124088179,True
1167,PCM-A,8.0,2.0,0.05,0.5,40,20/20,20,20,0.9501385787369497,0.5,0.9527037105270266,0.620718047459068,72.43023461511913,89.66488556922374,84.47976327822047,8.558605073897512,0.17124039752951015,0.1071417130494123,0.41256275718761604,0.8623872702925663,True
1168,PCM-A,8.0,2.0,0.05,0.5,40,continuous,20,0,0.9501385787369497,1.0,0.9527037105270266,0.7524054067814098,72.43023461511913,89.20059921441113,84.47976327822047,8.486177026270225,0.25160617606839947,0.1071417130494123,0.5422090686031718,0.8546797976374307,True
1169,PCM-A,8.0,2.0,0.05,1.0,10,10/10,10,10,0.740372585328781,0.5,0.8849628790614383,0.5310694576248169,71.08838888884097,89.57499905995434,83.0283795932962,9.00791179830635,0.12534878614307432,0.22835043645207717,0.37533665412189443,0.8584728980726118,True
1170,PCM-A,8.0,2.0,0.05,1.0,10,15/15,15,15,0.740372585328781,0.5,0.8849628790614383,0.5386333867767603,71.08838888884097,89.54398465120079,83.0283795932962,9.003751637272783,0.12894485571137912,0.22835043645207717,0.3767750819492164,0.8580221946021993,True
1171,PCM-A,8.0,2.0,0.05,1.0,10,20/20,20,20,0.740372585328781,0.5,0.8849628790614383,0.5444243201324056,71.08838888884097,89.52039811208626,83.0283795932962,9.000566623927178,0.13173237348961425,0.22835043645207717,0.3778900890605104,0.8576774274771564,True
1172,PCM-A,8.0,2.0,0.05,1.0,10,continuous,20,0,0.740372585328781,1.0,0.8849628790614383,0.6388486402648113,71.08838888884097,89.15446747189795,83.0283795932962,8.948633247854355,0.18139003785253252,0.22835043645207717,0.4952531548056777,0.8520901475804261,True
1173,PCM-A,8.0,2.0,0.05,1.0,20,10/10,10,10,0.8502080123358642,0.5,0.9204326090636703,0.49642957135480725,71.79672129758153,89.95381876161983,83.79005645095377,9.026963735754856,0.10952991969578561,0.1592318414206454,0.3588911571329208,0.8688653870236637,True
1174,PCM-A,8.0,2.0,0.05,1.0,20,15/15,15,15,0.8502080123358642,0.5,0.9204326090636703,0.5051156211858759,71.79672129758153,89.91696863821527,83.79005645095377,9.02218640834777,0.11339635145155258,0.1592318414206454,0.3604377298352276,0.8683455491819905,True
1175,PCM-A,8.0,2.0,0.05,1.0,20,20/20,20,20,0.8502080123358642,0.5,0.9204326090636703,0.5117656485308056,71.79672129758153,89.88897177926613,83.79005645095377,9.018528893308057,0.11640181289606938,0.1592318414206454,0.3616399144130343,0.867947958671791,True
1176,PCM-A,8.0,2.0,0.05,1.0,20,continuous,20,0,0.8502080123358642,1.0,0.9204326090636703,0.620197963728278,71.79672129758153,89.45778371074091,83.79005645095377,8.958891119949447,0.17095356187231217,0.1592318414206454,0.48096061400353146,0.8615116103664078,True
1177,PCM-A,8.0,2.0,0.05,1.0,30,10/10,10,10,0.9135775411206606,0.5,0.9408968630627054,0.5033684200241463,72.19963383296543,90.0,84.22777785549293,9.02314736898672,0.11261322945671348,0.125006460164383,0.369172359035288,0.8731243777025077,True
1178,PCM-A,8.0,2.0,0.05,1.0,30,15/15,15,15,0.9135775411206606,0.5,0.9408968630627054,0.5127018771682604,72.19963383296543,90.0,84.22777785549293,9.018013967557458,0.11682809548971466,0.125006460164383,0.3708583054484884,0.8726386521481184,True
1179,PCM-A,8.0,2.0,0.05,1.0,30,20/20,20,20,0.9135775411206606,0.5,0.9408968630627054,0.5198475586274067,72.19963383296543,89.98815745572588,84.22777785549293,9.014083842754927,0.12010732631594447,0.125006460164383,0.37216999777898035,0.8722449910759449,True
1180,PCM-A,8.0,2.0,0.05,1.0,30,continuous,20,0,0.9135775411206606,1.0,0.9408968630627054,0.6363617839214801,72.19963383296543,89.53037941774502,84.22777785549293,8.950001018843187,0.17998058668254602,0.125006460164383,0.493619301925621,0.8653391238494561,True
1181,PCM-A,8.0,2.0,0.05,1.0,40,10/10,10,10,0.9501385787369497,0.5,0.9527037105270266,0.5540384541148469,72.43023461511913,89.92434908739962,84.47976327822047,8.595278850236834,0.1364260482835419,0.1071417130494123,0.40098076748922873,0.8663347781097677,True
1182,PCM-A,8.0,2.0,0.05,1.0,40,15/15,15,15,0.9501385787369497,0.5,0.9527037105270266,0.5637454327854616,72.43023461511913,89.88549290461955,84.47976327822047,8.589940011967997,0.1412484057717633,0.1071417130494123,0.4029097104845173,0.8657581186207954,True
1183,PCM-A,8.0,2.0,0.05,1.0,40,20/20,20,20,0.9501385787369497,0.5,0.9527037105270266,0.5711770817918196,72.43023461511913,89.85599854735032,84.47976327822047,8.5858526050145,0.14499700389520842,0.1071417130494123,0.4044091497338953,0.8653170960802637,True
1184,PCM-A,8.0,2.0,0.05,1.0,40,continuous,20,0,0.9501385787369497,1.0,0.9527037105270266,0.692354163583639,72.43023461511913,89.40475408323023,84.47976327822047,8.519205210028998,0.2130463501473779,0.1071417130494123,0.5291288882347631,0.858180589360394,True
1185,PCM-A,8.0,2.0,0.05,2.0,10,10/10,10,10,0.740372585328781,0.5,0.8849628790614383,0.48868355653040696,71.08838888884097,89.75320222628663,83.0283795932962,9.031224043908276,0.10613849707698107,0.22835043645207717,0.3770275384954571,0.8610066107061511,True
1186,PCM-A,8.0,2.0,0.05,2.0,10,15/15,15,15,0.740372585328781,0.5,0.8849628790614383,0.4956437907262267,71.08838888884097,89.72341851578581,83.0283795932962,9.027395915100575,0.10918345212687272,0.22835043645207717,0.3782455205154138,0.860589588810967,True
1187,PCM-A,8.0,2.0,0.05,2.0,10,20/20,20,20,0.740372585328781,0.5,0.8849628790614383,0.5009725360856832,71.08838888884097,89.70075584783427,83.0283795932962,9.024465105152874,0.11154376973872047,0.22835043645207717,0.3791896475601529,0.8602705744884362,True
1188,PCM-A,8.0,2.0,0.05,2.0,10,continuous,20,0,0.740372585328781,1.0,0.8849628790614383,0.5878606293901726,71.08838888884097,89.34776959316794,83.0283795932962,8.976676653835407,0.15359116426089325,0.22835043645207717,0.49350860536902197,0.8550993075534934,True
1189,PCM-A,8.0,2.0,0.05,2.0,20,10/10,10,10,0.8502080123358642,0.5,0.9204326090636703,0.4568083609656939,71.79672129758153,90.0,83.79005645095377,9.048755401468869,0.09274394606585051,0.1592318414206454,0.36155176768094677,0.8710123011192131,True
1190,PCM-A,8.0,2.0,0.05,2.0,20,15/15,15,15,0.8502080123358642,0.5,0.9204326090636703,0.4648011567529555,71.79672129758153,90.0,83.79005645095377,9.044359363785874,0.09601782903061579,0.1592318414206454,0.36286132086685285,0.870596345369383,True
1191,PCM-A,8.0,2.0,0.05,2.0,20,20/20,20,20,0.8502080123358642,0.5,0.9204326090636703,0.4709204297920776,71.79672129758153,90.0,83.79005645095377,9.040993763614358,0.0985626894202467,0.1592318414206454,0.3638792650227052,0.8702778902413963,True
1192,PCM-A,8.0,2.0,0.05,2.0,20,continuous,20,0,0.8502080123358642,1.0,0.9204326090636703,0.5706985071654556,71.79672129758153,89.64883189961937,83.79005645095377,8.986115821059,0.14475412714705754,0.1592318414206454,0.4798558401134295,0.8644391567527488,True
1193,PCM-A,8.0,2.0,0.05,2.0,30,10/10,10,10,0.9135775411206606,0.5,0.9408968630627054,0.4631934038207745,72.19963383296543,90.0,84.22777785549293,9.045243627898575,0.09535472415247782,0.125006460164383,0.3716439569135937,0.8752151391124193,True
1194,PCM-A,8.0,2.0,0.05,2.0,30,15/15,15,15,0.9135775411206606,0.5,0.9408968630627054,0.47178193582242484,72.19963383296543,90.0,84.22777785549293,9.040519935297667,0.09892364220815758,0.125006460164383,0.37307152413586564,0.8747681804556775,True
1195,PCM-A,8.0,2.0,0.05,2.0,30,20/20,20,20,0.9135775411206606,0.5,0.9408968630627054,0.4783573036564304,72.19963383296543,90.0,84.22777785549293,9.036903482988963,0.10170031553842239,0.125006460164383,0.37418219346797155,0.8744259895464386,True
1196,PCM-A,8.0,2.0,0.05,2.0,30,continuous,20,0,0.9135775411206606,1.0,0.9408968630627054,0.5855722548941612,72.19963383296543,89.72338919008524,84.22777785549293,8.977935259808213,0.15239771808970334,0.125006460164383,0.4919611544884839,0.8683374166405158,True
1197,PCM-A,8.0,2.0,0.05,2.0,40,10/10,10,10,0.9501385787369497,0.5,0.9527037105270266,0.5098193434477786,72.43023461511913,90.0,84.47976327822047,8.619599361103722,0.1155181168682329,0.1071417130494123,0.40199259492310513,0.8687751972668808,True
1198,PCM-A,8.0,2.0,0.05,2.0,40,15/15,15,15,0.9501385787369497,0.5,0.9527037105270266,0.5187515853453574,72.43023461511913,90.0,84.47976327822047,8.614686628060054,0.11960142546592072,0.1071417130494123,0.40362591836218026,0.8683103514888748,True
1199,PCM-A,8.0,2.0,0.05,2.0,40,20/20,20,20,0.9501385787369497,0.5,0.9527037105270266,0.5255900969847865,72.43023461511913,90.0,84.47976327822047,8.610925446658367,0.12277553335487881,0.1071417130494123,0.4048955615177635,0.8679544662251435,True
1200,PCM-A,8.0,2.0,0.05,2.0,40,continuous,20,0,0.9501385787369497,1.0,0.9527037105270266,0.6370957511883792,72.43023461511913,89.60375969150772,84.47976327822047,8.549597336846391,0.18039599830323788,0.1071417130494123,0.5254437474971071,0.8614224811385571,True
1201,PCM-A,8.0,2.0,0.1,0.5,10,10/10,10,10,0.740372585328781,0.5,0.7704049328630949,0.5771316940236936,70.12616472423862,89.07218078154347,82.7397123439155,8.982577568286969,0.14803599655407035,0.5364588063258323,0.4806624666458945,0.8367134218964019,False
1202,PCM-A,8.0,2.0,0.1,0.5,10,15/15,15,15,0.740372585328781,0.5,0.7704049328630949,0.5853516795307876,70.12616472423862,89.04000417371617,82.7397123439155,8.978056576258068,0.15228292832422838,0.5364588063258323,0.4823612393539577,0.8362264379322298,False
1203,PCM-A,8.0,2.0,0.1,0.5,10,20/20,20,20,0.740372585328781,0.5,0.7704049328630949,0.5916448886949324,70.12616472423862,89.01554795184737,82.7397123439155,8.974595311217788,0.1555749663639284,0.5364588063258323,0.4836780545698377,0.8358539314881435,False
1204,PCM-A,8.0,2.0,0.1,0.5,10,continuous,20,0,0.740372585328781,1.0,0.7704049328630949,0.6942590892531387,70.12616472423862,88.63774484136754,82.7397123439155,8.918157500910775,0.2142203035602656,0.5364588063258323,0.6046361894483726,0.8298185939488776,False
1205,PCM-A,8.0,2.0,0.1,0.5,20,10/10,10,10,0.8502080123358642,0.5,0.8012831262964993,0.5394873219801364,70.83968421960284,89.45842543081011,83.50294532756017,9.003281972910926,0.12935403136768858,0.4406507191861394,0.45453109268664005,0.846678249261409,False
1206,PCM-A,8.0,2.0,0.1,0.5,20,15/15,15,15,0.8502080123358642,0.5,0.8012831262964993,0.5489267551491973,70.83968421960284,89.42008125082465,83.50294532756017,8.998090284667942,0.13392025889716747,0.4406507191861394,0.4563575836984316,0.8461164552822069,False
1207,PCM-A,8.0,2.0,0.1,0.5,20,20/20,20,20,0.8502080123358642,0.5,0.8012831262964993,0.556153571701684,70.83968421960284,89.39096865897794,83.50294532756017,8.994115535564074,0.1374696868073512,0.4406507191861394,0.45777735486250515,0.8456867949440623,False
1208,PCM-A,8.0,2.0,0.1,0.5,20,continuous,20,0,0.8502080123358642,1.0,0.8012831262964993,0.6739907488511913,70.83968421960284,88.9447896194215,83.50294532756017,8.929305088131846,0.20189490201643984,0.4406507191861394,0.5810474409461406,0.8387334216961818,False
1209,PCM-A,8.0,2.0,0.1,0.5,30,10/10,10,10,0.9135775411206606,0.5,0.8190982941427943,0.5470280107348996,71.24622699289135,89.5619242546278,83.9417558034707,8.999134594095805,0.1329953975682584,0.38965811532586736,0.4596700059315809,0.8506686106087614,False
1210,PCM-A,8.0,2.0,0.1,0.5,30,15/15,15,15,0.9135775411206606,0.5,0.8190982941427943,0.5571710040013014,71.24622699289135,89.52104600707516,83.9417558034707,8.993555947799285,0.13797312342214144,0.38965811532586736,0.4616610962731341,0.8500655397396898,False
1211,PCM-A,8.0,2.0,0.1,0.5,30,20/20,20,20,0.9135775411206606,0.5,0.8190982941427943,0.5649364651594617,71.24622699289135,89.49002871768614,83.9417558034707,8.989284944162296,0.14184587096305232,0.38965811532586736,0.46321019528949847,0.8496043429745953,False
1212,PCM-A,8.0,2.0,0.1,0.5,30,continuous,20,0,0.9135775411206606,1.0,0.8190982941427943,0.6915565357667467,71.24622699289135,89.01682659454295,83.9417558034707,8.91964390532829,0.21255575207186825,0.38965811532586736,0.5889941477330248,0.8421441737668478,False
1213,PCM-A,8.0,2.0,0.1,0.5,40,10/10,10,10,0.9501385787369497,0.5,0.8293767518536106,0.6020929032666478,71.47912150231193,89.42175968864402,84.19442934437832,8.568848903203344,0.1611181618506937,0.3616639132706287,0.48996096698687863,0.8433344721668791,False
1214,PCM-A,8.0,2.0,0.1,0.5,40,15/15,15,15,0.9501385787369497,0.5,0.8293767518536106,0.6126418153978017,71.47912150231193,89.38153141127665,84.19442934437832,8.56304700153121,0.16681333065507298,0.3616639132706287,0.4922390345086304,0.8427114726840017,False
1215,PCM-A,8.0,2.0,0.1,0.5,40,20/20,20,20,0.9501385787369497,0.5,0.8293767518536106,0.620718047459068,71.47912150231193,89.35101824199737,84.19442934437832,8.558605073897512,0.17124039752951015,0.3616639132706287,0.4940098612584052,0.84223503056775,False
1216,PCM-A,8.0,2.0,0.1,0.5,40,continuous,20,0,0.9501385787369497,1.0,0.8293767518536106,0.7524054067814098,71.47912150231193,88.88673188718475,84.19442934437832,8.486177026270225,0.25160617606839947,0.3616639132706287,0.623656172673961,0.8345275579126146,False
1217,PCM-A,8.0,2.0,0.1,1.0,10,10/10,10,10,0.740372585328781,0.5,0.7704049328630949,0.5310694576248169,70.12616472423862,89.25746508563556,82.7397123439155,9.00791179830635,0.12534878614307432,0.5364588063258323,0.47393133248149605,0.8394514852144441,False
1218,PCM-A,8.0,2.0,0.1,1.0,10,15/15,15,15,0.740372585328781,0.5,0.7704049328630949,0.5386333867767603,70.12616472423862,89.22645067688201,82.7397123439155,9.003751637272783,0.12894485571137912,0.5364588063258323,0.475369760308818,0.8390007817440316,False
1219,PCM-A,8.0,2.0,0.1,1.0,10,20/20,20,20,0.740372585328781,0.5,0.7704049328630949,0.5444243201324056,70.12616472423862,89.20286413776748,82.7397123439155,9.000566623927178,0.13173237348961425,0.5364588063258323,0.4764847674201121,0.8386560146189885,False
1220,PCM-A,8.0,2.0,0.1,1.0,10,continuous,20,0,0.740372585328781,1.0,0.7704049328630949,0.6388486402648113,70.12616472423862,88.83693349757917,82.7397123439155,8.948633247854355,0.18139003785253252,0.5364588063258323,0.5938478331652794,0.8330687347222582,False
1221,PCM-A,8.0,2.0,0.1,1.0,20,10/10,10,10,0.8502080123358642,0.5,0.8012831262964993,0.49642957135480725,70.83968421960284,89.63799652588685,83.50294532756017,9.026963735754856,0.10952991969578561,0.4406507191861394,0.4489451980178789,0.8492494428292265,False
1222,PCM-A,8.0,2.0,0.1,1.0,20,15/15,15,15,0.8502080123358642,0.5,0.8012831262964993,0.5051156211858759,70.83968421960284,89.6011464024823,83.50294532756017,9.02218640834777,0.11339635145155258,0.4406507191861394,0.45049177072018565,0.8487296049875536,False
1223,PCM-A,8.0,2.0,0.1,1.0,20,20/20,20,20,0.8502080123358642,0.5,0.8012831262964993,0.5117656485308056,70.83968421960284,89.57314954353316,83.50294532756017,9.018528893308057,0.11640181289606938,0.4406507191861394,0.4516939552979924,0.848332014477354,False
1224,PCM-A,8.0,2.0,0.1,1.0,20,continuous,20,0,0.8502080123358642,1.0,0.8012831262964993,0.620197963728278,70.83968421960284,89.14196147500795,83.50294532756017,8.958891119949447,0.17095356187231217,0.4406507191861394,0.5710146548884896,0.8418956661719709,False
1225,PCM-A,8.0,2.0,0.1,1.0,30,10/10,10,10,0.9135775411206606,0.5,0.8190982941427943,0.5033684200241463,71.24622699289135,89.74269223496192,83.9417558034707,9.02314736898672,0.11261322945671348,0.38965811532586736,0.45386088868696295,0.8532733270059514,False
1226,PCM-A,8.0,2.0,0.1,1.0,30,15/15,15,15,0.9135775411206606,0.5,0.8190982941427943,0.5127018771682604,71.24622699289135,89.70338203142961,83.9417558034707,9.018013967557458,0.11682809548971466,0.38965811532586736,0.45554683510016347,0.8527152706770627,False
1227,PCM-A,8.0,2.0,0.1,1.0,30,20/20,20,20,0.9135775411206606,0.5,0.8190982941427943,0.5198475586274067,71.24622699289135,89.67353319850145,83.9417558034707,9.014083842754927,0.12010732631594447,0.38965811532586736,0.45685852743065536,0.8522884780337656,False
1228,PCM-A,8.0,2.0,0.1,1.0,30,continuous,20,0,0.9135775411206606,1.0,0.8190982941427943,0.6363617839214801,71.24622699289135,89.21575516052059,83.9417558034707,8.950001018843187,0.17998058668254602,0.38965811532586736,0.578307831577296,0.8453826108072768,False
1229,PCM-A,8.0,2.0,0.1,1.0,40,10/10,10,10,0.9501385787369497,0.5,0.8293767518536106,0.5540384541148469,71.47912150231193,89.61048176017324,84.19442934437832,8.595278850236834,0.1364260482835419,0.3616639132706287,0.48242787156001793,0.8461825383849515,False
1230,PCM-A,8.0,2.0,0.1,1.0,40,15/15,15,15,0.9501385787369497,0.5,0.8293767518536106,0.5637454327854616,71.47912150231193,89.57162557739318,84.19442934437832,8.589940011967997,0.1412484057717633,0.3616639132706287,0.4843568145553065,0.8456058788959793,False
1231,PCM-A,8.0,2.0,0.1,1.0,40,20/20,20,20,0.9501385787369497,0.5,0.8293767518536106,0.5711770817918196,71.47912150231193,89.54213122012395,84.19442934437832,8.5858526050145,0.14499700389520842,0.3616639132706287,0.4858562538046846,0.8451648563554476,False
1232,PCM-A,8.0,2.0,0.1,1.0,40,continuous,20,0,0.9501385787369497,1.0,0.8293767518536106,0.692354163583639,71.47912150231193,89.09088675600385,84.19442934437832,8.519205210028998,0.2130463501473779,0.3616639132706287,0.6105759923055524,0.8380283496355778,False
1233,PCM-A,8.0,2.0,0.1,2.0,10,10/10,10,10,0.740372585328781,0.5,0.7704049328630949,0.48868355653040696,70.12616472423862,89.43566825196785,82.7397123439155,9.031224043908276,0.10613849707698107,0.5364588063258323,0.4756222168550588,0.8419851978479833,False
1234,PCM-A,8.0,2.0,0.1,2.0,10,15/15,15,15,0.740372585328781,0.5,0.7704049328630949,0.4956437907262267,70.12616472423862,89.40588454146703,82.7397123439155,9.027395915100575,0.10918345212687272,0.5364588063258323,0.4768401988750154,0.8415681759527991,False
1235,PCM-A,8.0,2.0,0.1,2.0,10,20/20,20,20,0.740372585328781,0.5,0.7704049328630949,0.5009725360856832,70.12616472423862,89.3832218735155,82.7397123439155,9.024465105152874,0.11154376973872047,0.5364588063258323,0.4777843259197545,0.8412491616302684,False
1236,PCM-A,8.0,2.0,0.1,2.0,10,continuous,20,0,0.740372585328781,1.0,0.7704049328630949,0.5878606293901726,70.12616472423862,89.03023561884916,82.7397123439155,8.976676653835407,0.15359116426089325,0.5364588063258323,0.5921032837286236,0.8360778946953256,False
1237,PCM-A,8.0,2.0,0.1,2.0,20,10/10,10,10,0.8502080123358642,0.5,0.8012831262964993,0.4568083609656939,70.83968421960284,89.8102076487844,83.50294532756017,9.048755401468869,0.09274394606585051,0.4406507191861394,0.4516058085659048,0.8516282519122881,False
1238,PCM-A,8.0,2.0,0.1,2.0,20,15/15,15,15,0.8502080123358642,0.5,0.8012831262964993,0.4648011567529555,70.83968421960284,89.77491591869409,83.50294532756017,9.044359363785874,0.09601782903061579,0.4406507191861394,0.45291536175181096,0.8511473593790917,False
1239,PCM-A,8.0,2.0,0.1,2.0,20,20/20,20,20,0.8502080123358642,0.5,0.8012831262964993,0.4709204297920776,70.83968421960284,89.74808662816152,83.50294532756017,9.040993763614358,0.0985626894202467,0.4406507191861394,0.45393330590766334,0.8507795383565251,False
1240,PCM-A,8.0,2.0,0.1,2.0,20,continuous,20,0,0.8502080123358642,1.0,0.8012831262964993,0.5706985071654556,70.83968421960284,89.3330096638864,83.50294532756017,8.986115821059,0.14475412714705754,0.4406507191861394,0.5699098809983877,0.8448232125583118,False
1241,PCM-A,8.0,2.0,0.1,2.0,30,10/10,10,10,0.9135775411206606,0.5,0.8190982941427943,0.4631934038207745,71.24622699289135,89.91615132902531,83.9417558034707,9.045243627898575,0.09535472415247782,0.38965811532586736,0.4563324865652687,0.8556832531489396,False
1242,PCM-A,8.0,2.0,0.1,2.0,30,15/15,15,15,0.9135775411206606,0.5,0.8190982941427943,0.47178193582242484,71.24622699289135,89.8784817299761,83.9417558034707,9.040519935297667,0.09892364220815758,0.38965811532586736,0.4577600537875406,0.8551669824299473,False
1243,PCM-A,8.0,2.0,0.1,2.0,30,20/20,20,20,0.9135775411206606,0.5,0.8190982941427943,0.4783573036564304,71.24622699289135,89.84985981015369,83.9417558034707,9.036903482988963,0.10170031553842239,0.38965811532586736,0.4588707231196465,0.8547721271882351,False
1244,PCM-A,8.0,2.0,0.1,2.0,30,continuous,20,0,0.9135775411206606,1.0,0.8190982941427943,0.5855722548941612,71.24622699289135,89.4087649328608,83.9417558034707,8.977935259808213,0.15239771808970334,0.38965811532586736,0.5766496841401589,0.8483809035983365,False
1245,PCM-A,8.0,2.0,0.1,2.0,40,10/10,10,10,0.9501385787369497,0.5,0.8293767518536106,0.5098193434477786,71.47912150231193,89.79233860027306,84.19442934437832,8.619599361103722,0.1155181168682329,0.3616639132706287,0.4834396989938944,0.8488183764486635,False
1246,PCM-A,8.0,2.0,0.1,2.0,40,15/15,15,15,0.9501385787369497,0.5,0.8293767518536106,0.5187515853453574,71.47912150231193,89.75495263309871,84.19442934437832,8.614686628060054,0.11960142546592072,0.3616639132706287,0.48507302243296946,0.8482847404910568,False
1247,PCM-A,8.0,2.0,0.1,2.0,40,20/20,20,20,0.9501385787369497,0.5,0.8293767518536106,0.5255900969847865,71.47912150231193,89.72655484188937,84.19442934437832,8.610925446658367,0.12277553335487881,0.3616639132706287,0.48634266558855266,0.8478766032915003,False
1248,PCM-A,8.0,2.0,0.1,2.0,40,continuous,20,0,0.9501385787369497,1.0,0.8293767518536106,0.6370957511883792,71.47912150231193,89.28989236428134,84.19442934437832,8.549597336846391,0.18039599830323788,0.3616639132706287,0.6068908515678964,0.841270241413741,False
1249,PCM-A,8.0,2.0,0.3,0.5,10,10/10,10,10,0.740372585328781,0.5,0.6184360589943064,0.5771316940236936,68.59695746082123,88.56754238461573,82.28095016489027,8.982577568286969,0.14803599655407035,1.1452040951947415,0.6754609590839454,0.8105105727569494,False
1250,PCM-A,8.0,2.0,0.3,0.5,10,15/15,15,15,0.740372585328781,0.5,0.6184360589943064,0.5853516795307876,68.59695746082123,88.53536577678844,82.28095016489027,8.978056576258068,0.15228292832422838,1.1452040951947415,0.6771597317920086,0.8100235887927774,False
1251,PCM-A,8.0,2.0,0.3,0.5,10,20/20,20,20,0.740372585328781,0.5,0.6184360589943064,0.5916448886949324,68.59695746082123,88.51090955491964,82.28095016489027,8.974595311217788,0.1555749663639284,1.1452040951947415,0.6784765470078886,0.8096510823486911,False
1252,PCM-A,8.0,2.0,0.3,0.5,10,continuous,20,0,0.740372585328781,1.0,0.6184360589943064,0.6942590892531387,68.59695746082123,88.1331064444398,82.28095016489027,8.918157500910775,0.2142203035602656,1.1452040951947415,0.7994346818864235,0.8036157448094252,False
1253,PCM-A,8.0,2.0,0.3,0.5,20,10/10,10,10,0.8502080123358642,0.5,0.643223268215372,0.5394873219801364,69.3076188998577,88.95284387529422,83.04332573163663,9.003281972910926,0.12935403136768858,1.0303455935794865,0.6432334524925111,0.8196493510418824,False
1254,PCM-A,8.0,2.0,0.3,0.5,20,15/15,15,15,0.8502080123358642,0.5,0.643223268215372,0.5489267551491973,69.3076188998577,88.91449969530876,83.04332573163663,8.998090284667942,0.13392025889716747,1.0303455935794865,0.6450599435043026,0.8190875570626803,False
1255,PCM-A,8.0,2.0,0.3,0.5,20,20/20,20,20,0.8502080123358642,0.5,0.643223268215372,0.556153571701684,69.3076188998577,88.88538710346205,83.04332573163663,8.994115535564074,0.1374696868073512,1.0303455935794865,0.6464797146683762,0.8186578967245357,False
1256,PCM-A,8.0,2.0,0.3,0.5,20,continuous,20,0,0.8502080123358642,1.0,0.643223268215372,0.6739907488511913,69.3076188998577,88.43920806390561,83.04332573163663,8.929305088131846,0.20189490201643984,1.0303455935794865,0.7697498007520116,0.8117045234766552,False
1257,PCM-A,8.0,2.0,0.3,0.5,30,10/10,10,10,0.9135775411206606,0.5,0.6575242438753275,0.5470280107348996,69.7135539700707,89.05614215709699,83.4819538966245,8.999134594095805,0.1329953975682584,0.9668384926325962,0.6443677266697341,0.8231671181882203,False
1258,PCM-A,8.0,2.0,0.3,0.5,30,15/15,15,15,0.9135775411206606,0.5,0.6575242438753275,0.5571710040013014,69.7135539700707,89.01526390954434,83.4819538966245,8.993555947799285,0.13797312342214144,0.9668384926325962,0.6463588170112874,0.8225640473191488,False
1259,PCM-A,8.0,2.0,0.3,0.5,30,20/20,20,20,0.9135775411206606,0.5,0.6575242438753275,0.5649364651594617,69.7135539700707,88.98424662015533,83.4819538966245,8.989284944162296,0.14184587096305232,0.9668384926325962,0.6479079160276517,0.8221028505540542,False
1260,PCM-A,8.0,2.0,0.3,0.5,30,continuous,20,0,0.9135775411206606,1.0,0.6575242438753275,0.6915565357667467,69.7135539700707,88.51104449701214,83.4819538966245,8.91964390532829,0.21255575207186825,0.9668384926325962,0.7736918684711781,0.8146426813463067,False
1261,PCM-A,8.0,2.0,0.3,0.5,40,10/10,10,10,0.9501385787369497,0.5,0.6657751890705946,0.6020929032666478,69.94642839871032,88.91597096445548,83.73462141329784,8.568848903203344,0.1611181618506937,0.931116970008286,0.672185945142929,0.8155615846699855,False
1262,PCM-A,8.0,2.0,0.3,0.5,40,15/15,15,15,0.9501385787369497,0.5,0.6657751890705946,0.6126418153978017,69.94642839871032,88.87574268708812,83.73462141329784,8.56304700153121,0.16681333065507298,0.931116970008286,0.6744640126646807,0.814938585187108,False
1263,PCM-A,8.0,2.0,0.3,0.5,40,20/20,20,20,0.9501385787369497,0.5,0.6657751890705946,0.620718047459068,69.94642839871032,88.84522951780883,83.73462141329784,8.558605073897512,0.17124039752951015,0.931116970008286,0.6762348394144555,0.8144621430708565,False
1264,PCM-A,8.0,2.0,0.3,0.5,40,continuous,20,0,0.9501385787369497,1.0,0.6657751890705946,0.7524054067814098,69.94642839871032,88.38094316299622,83.73462141329784,8.486177026270225,0.25160617606839947,0.931116970008286,0.8058811508300113,0.8067546704157209,False
1265,PCM-A,8.0,2.0,0.3,1.0,10,10/10,10,10,0.740372585328781,0.5,0.6184360589943064,0.5310694576248169,68.59695746082123,88.75282668870783,82.28095016489027,9.00791179830635,0.12534878614307432,1.1452040951947415,0.668729824919547,0.8132486360749916,False
1266,PCM-A,8.0,2.0,0.3,1.0,10,15/15,15,15,0.740372585328781,0.5,0.6184360589943064,0.5386333867767603,68.59695746082123,88.72181227995428,82.28095016489027,9.003751637272783,0.12894485571137912,1.1452040951947415,0.6701682527468689,0.8127979326045791,False
1267,PCM-A,8.0,2.0,0.3,1.0,10,20/20,20,20,0.740372585328781,0.5,0.6184360589943064,0.5444243201324056,68.59695746082123,88.69822574083975,82.28095016489027,9.000566623927178,0.13173237348961425,1.1452040951947415,0.6712832598581631,0.812453165479536,False
1268,PCM-A,8.0,2.0,0.3,1.0,10,continuous,20,0,0.740372585328781,1.0,0.6184360589943064,0.6388486402648113,68.59695746082123,88.33229510065144,82.28095016489027,8.948633247854355,0.18139003785253252,1.1452040951947415,0.7886463256033303,0.8068658855828057,False
1269,PCM-A,8.0,2.0,0.3,1.0,20,10/10,10,10,0.8502080123358642,0.5,0.643223268215372,0.49642957135480725,69.3076188998577,89.13241497037097,83.04332573163663,9.026963735754856,0.10952991969578561,1.0303455935794865,0.6376475578237499,0.8222205446097001,False
1270,PCM-A,8.0,2.0,0.3,1.0,20,15/15,15,15,0.8502080123358642,0.5,0.643223268215372,0.5051156211858759,69.3076188998577,89.09556484696641,83.04332573163663,9.02218640834777,0.11339635145155258,1.0303455935794865,0.6391941305260567,0.8217007067680269,False
1271,PCM-A,8.0,2.0,0.3,1.0,20,20/20,20,20,0.8502080123358642,0.5,0.643223268215372,0.5117656485308056,69.3076188998577,89.06756798801727,83.04332573163663,9.018528893308057,0.11640181289606938,1.0303455935794865,0.6403963151038634,0.8213031162578274,False
1272,PCM-A,8.0,2.0,0.3,1.0,20,continuous,20,0,0.8502080123358642,1.0,0.643223268215372,0.620197963728278,69.3076188998577,88.63637991949206,83.04332573163663,8.958891119949447,0.17095356187231217,1.0303455935794865,0.7597170146943606,0.8148667679524442,False
1273,PCM-A,8.0,2.0,0.3,1.0,30,10/10,10,10,0.9135775411206606,0.5,0.6575242438753275,0.5033684200241463,69.7135539700707,89.23691013743111,83.4819538966245,9.02314736898672,0.11261322945671348,0.9668384926325962,0.6385586094251161,0.8257718345854104,False
1274,PCM-A,8.0,2.0,0.3,1.0,30,15/15,15,15,0.9135775411206606,0.5,0.6575242438753275,0.5127018771682604,69.7135539700707,89.1975999338988,83.4819538966245,9.018013967557458,0.11682809548971466,0.9668384926325962,0.6402445558383167,0.8252137782565215,False
1275,PCM-A,8.0,2.0,0.3,1.0,30,20/20,20,20,0.9135775411206606,0.5,0.6575242438753275,0.5198475586274067,69.7135539700707,89.16775110097063,83.4819538966245,9.014083842754927,0.12010732631594447,0.9668384926325962,0.6415562481688086,0.8247869856132246,False
1276,PCM-A,8.0,2.0,0.3,1.0,30,continuous,20,0,0.9135775411206606,1.0,0.6575242438753275,0.6363617839214801,69.7135539700707,88.70997306298977,83.4819538966245,8.950001018843187,0.17998058668254602,0.9668384926325962,0.7630055523154491,0.8178811183867357,False
1277,PCM-A,8.0,2.0,0.3,1.0,40,10/10,10,10,0.9501385787369497,0.5,0.6657751890705946,0.5540384541148469,69.94642839871032,89.10469303598471,83.73462141329784,8.595278850236834,0.1364260482835419,0.931116970008286,0.6646528497160682,0.8184096508880578,False
1278,PCM-A,8.0,2.0,0.3,1.0,40,15/15,15,15,0.9501385787369497,0.5,0.6657751890705946,0.5637454327854616,69.94642839871032,89.06583685320464,83.73462141329784,8.589940011967997,0.1412484057717633,0.931116970008286,0.6665817927113569,0.8178329913990855,False
1279,PCM-A,8.0,2.0,0.3,1.0,40,20/20,20,20,0.9501385787369497,0.5,0.6657751890705946,0.5711770817918196,69.94642839871032,89.03634249593541,83.73462141329784,8.5858526050145,0.14499700389520842,0.931116970008286,0.668081231960735,0.817391968858554,False
1280,PCM-A,8.0,2.0,0.3,1.0,40,continuous,20,0,0.9501385787369497,1.0,0.6657751890705946,0.692354163583639,69.94642839871032,88.58509803181532,83.73462141329784,8.519205210028998,0.2130463501473779,0.931116970008286,0.7928009704616026,0.8102554621386843,False
1281,PCM-A,8.0,2.0,0.3,2.0,10,10/10,10,10,0.740372585328781,0.5,0.6184360589943064,0.48868355653040696,68.59695746082123,88.93102985504012,82.28095016489027,9.031224043908276,0.10613849707698107,1.1452040951947415,0.6704207092931097,0.8157823487085311,False
1282,PCM-A,8.0,2.0,0.3,2.0,10,15/15,15,15,0.740372585328781,0.5,0.6184360589943064,0.4956437907262267,68.59695746082123,88.9012461445393,82.28095016489027,9.027395915100575,0.10918345212687272,1.1452040951947415,0.6716386913130663,0.8153653268133466,False
1283,PCM-A,8.0,2.0,0.3,2.0,10,20/20,20,20,0.740372585328781,0.5,0.6184360589943064,0.5009725360856832,68.59695746082123,88.87858347658776,82.28095016489027,9.024465105152874,0.11154376973872047,1.1452040951947415,0.6725828183578054,0.8150463124908159,False
1284,PCM-A,8.0,2.0,0.3,2.0,10,continuous,20,0,0.740372585328781,1.0,0.6184360589943064,0.5878606293901726,68.59695746082123,88.52559722192143,82.28095016489027,8.976676653835407,0.15359116426089325,1.1452040951947415,0.7869017761666746,0.8098750455558731,False
1285,PCM-A,8.0,2.0,0.3,2.0,20,10/10,10,10,0.8502080123358642,0.5,0.643223268215372,0.4568083609656939,69.3076188998577,89.30462609326851,83.04332573163663,9.048755401468869,0.09274394606585051,1.0303455935794865,0.6403081683717758,0.8245993536927614,False
1286,PCM-A,8.0,2.0,0.3,2.0,20,15/15,15,15,0.8502080123358642,0.5,0.643223268215372,0.4648011567529555,69.3076188998577,89.2693343631782,83.04332573163663,9.044359363785874,0.09601782903061579,1.0303455935794865,0.6416177215576819,0.8241184611595651,False
1287,PCM-A,8.0,2.0,0.3,2.0,20,20/20,20,20,0.8502080123358642,0.5,0.643223268215372,0.4709204297920776,69.3076188998577,89.24250507264563,83.04332573163663,9.040993763614358,0.0985626894202467,1.0303455935794865,0.6426356657135344,0.8237506401369986,False
1288,PCM-A,8.0,2.0,0.3,2.0,20,continuous,20,0,0.8502080123358642,1.0,0.643223268215372,0.5706985071654556,69.3076188998577,88.82742810837051,83.04332573163663,8.986115821059,0.14475412714705754,1.0303455935794865,0.7586122408042587,0.8177943143387851,False
1289,PCM-A,8.0,2.0,0.3,2.0,30,10/10,10,10,0.9135775411206606,0.5,0.6575242438753275,0.4631934038207745,69.7135539700707,89.4103692314945,83.4819538966245,9.045243627898575,0.09535472415247782,0.9668384926325962,0.6410302073034219,0.8281817607283988,False
1290,PCM-A,8.0,2.0,0.3,2.0,30,15/15,15,15,0.9135775411206606,0.5,0.6575242438753275,0.47178193582242484,69.7135539700707,89.37269963244529,83.4819538966245,9.040519935297667,0.09892364220815758,0.9668384926325962,0.6424577745256937,0.8276654900094063,False
1291,PCM-A,8.0,2.0,0.3,2.0,30,20/20,20,20,0.9135775411206606,0.5,0.6575242438753275,0.4783573036564304,69.7135539700707,89.34407771262288,83.4819538966245,9.036903482988963,0.10170031553842239,0.9668384926325962,0.6435684438577998,0.8272706347676941,False
1292,PCM-A,8.0,2.0,0.3,2.0,30,continuous,20,0,0.9135775411206606,1.0,0.6575242438753275,0.5855722548941612,69.7135539700707,88.90298283533,83.4819538966245,8.977935259808213,0.15239771808970334,0.9668384926325962,0.7613474048783121,0.8208794111777954,False
1293,PCM-A,8.0,2.0,0.3,2.0,40,10/10,10,10,0.9501385787369497,0.5,0.6657751890705946,0.5098193434477786,69.94642839871032,89.28654987608452,83.73462141329784,8.619599361103722,0.1155181168682329,0.931116970008286,0.6656646771499446,0.82104548895177,False
1294,PCM-A,8.0,2.0,0.3,2.0,40,15/15,15,15,0.9501385787369497,0.5,0.6657751890705946,0.5187515853453574,69.94642839871032,89.24916390891018,83.73462141329784,8.614686628060054,0.11960142546592072,0.931116970008286,0.6672980005890198,0.8205118529941634,False
1295,PCM-A,8.0,2.0,0.3,2.0,40,20/20,20,20,0.9501385787369497,0.5,0.6657751890705946,0.5255900969847865,69.94642839871032,89.22076611770083,83.73462141329784,8.610925446658367,0.12277553335487881,0.931116970008286,0.668567643744603,0.8201037157946067,False
1296,PCM-A,8.0,2.0,0.3,2.0,40,continuous,20,0,0.9501385787369497,1.0,0.6657751890705946,0.6370957511883792,69.94642839871032,88.78410364009281,83.73462141329784,8.549597336846391,0.18039599830323788,0.931116970008286,0.7891158297239466,0.8134973539168475,False
